Last Updated: 3/10/2016	
String Table Version: 4.1	
Retargeter Version: 5.0	
	
comment end	
	
en-us	en-au,en-ca,en-nz,en-gb
	
culture end	
	
token	en-us
LABEL_AboutDlgTitle	About Faceware Retargeter \?TM\?
LABEL_Add	Add
LABEL_AddAsSharedPose	Add as Shared Pose
LABEL_AddRigControlsToEnableExpressionSet	Expression Set is disabled until you have added facial rig controls in the 'Control Setup' tab.
LABEL_AddSelected	Add Selected
LABEL_AnalysisData	Analysis Data
LABEL_AnalysisDataFileColon	Analysis Data File:
LABEL_Apply	Apply
LABEL_ApplyExpressionsToCharacter	Apply Saved Expressions To Scene
LABEL_Attribute	LABEL_Attribute
LABEL_Attribute	Attribute
LABEL_AttributeColon	Attribute:
LABEL_AutoPose	AutoPose
LABEL_AutoSolve	AutoSolve
LABEL_AutoSolveDisabled	AutoSolve Disabled
LABEL_Backup	Backup
LABEL_BackupPerformance	Backup Performance
LABEL_BackupRestoreDlgTitle	Backup or Restore
LABEL_brows_leftBrow_down	Eyebrow Down - LEFT
LABEL_brows_leftBrow_squeeze	Eyebrow Squeeze - LEFT
LABEL_brows_leftBrow_up	Eyebrow Up - LEFT
LABEL_brows_midBrows_down	Eyebrow Down - CENTER
LABEL_brows_midBrows_up	Eyebrow Up - CENTER
LABEL_brows_rightBrow_down	Eyebrow Down - RIGHT
LABEL_brows_rightBrow_squeeze	Eyebrow Squeeze - RIGHT
LABEL_brows_rightBrow_up	Eyebrow Up - RIGHT
LABEL_BrowseDotDotDot	Browse...
LABEL_BrowseForLogFile	Browse for Log File
LABEL_Cancel	Cancel
LABEL_CharacterConfigurationFiles	Character Setup Files
LABEL_CharacterNameColon	Character Name:
LABEL_CharacterSetupFile	Character Setup File
LABEL_CharSetupDlgTitle	Faceware Retargeter - Character Setup
LABEL_CharSetupFileMissingExpressionSetPrompt	The Character Setup File you have loaded does not contain an Expression Set. Without an Expression Set, AutoSolve will be disabled. For more info on creating an Expression Set, please visit Faceware Support.
LABEL_CheckCharacterButtonDesc	Press OK to browse for a new Character or Cancel to quit the operation.
LABEL_CheckCharacterDesc	The current scene does not contain a character compatible with the selected Character Setup File. The following errors were encountered:
LABEL_CheckCharDlgTitle	Invalid Character
LABEL_CheckSyncButtonDesc	Press Apply to set the values of the controls in the calibration files to the scene.  Press Delete to delete the calibration frames where there are mismatches.  Press Cancel to leave the scene and calibrations out of sync.
LABEL_CheckSyncDesc	The current scene has controls which are out of sync with the calibrations. The following controls had scene/calibration mismatches:
LABEL_CheckSyncDlgTitle	Dialog
LABEL_CheckUncheckAll	Check/Uncheck All
LABEL_Close	Close
LABEL_CloseDeviceFailed	Error closing device
LABEL_ControlSetup	Control Setup
LABEL_Copy	Copy
LABEL_CopyDotDotDot	Copy...
LABEL_CopyMove	Copy/Move
LABEL_CopyPoseDlgTitle	Copy Pose
LABEL_CreateDotDotDot	Create...
LABEL_CurveSettings	Curve Settings
LABEL_Default	Default
LABEL_DefaultColon	Default:
LABEL_Delete	Delete
LABEL_DeleteDotDotDot	Delete...
LABEL_Description	Description
LABEL_DisplayServiceErrorDetails	Display service error details
LABEL_EditComponentDlgTitle	Dialog
LABEL_EditDotDotDot	Edit...
LABEL_EditRigGroup	Edit Face Group
LABEL_EnterDefaultValueDotDotDot	Enter Default Value...
LABEL_Error	Error
LABEL_ExpressionList	Expression List
LABEL_ExpressionSet	Expression Set
LABEL_eyes_leftEye_blink	Eye Blink - LEFT
LABEL_eyes_leftEye_wide	Eye Wide - LEFT
LABEL_eyes_lookDown	Eye Direction - LOOK DOWN
LABEL_eyes_lookLeft	Eye Direction - LOOK LEFT
LABEL_eyes_lookRight	Eye Direction - LOOK RIGHT
LABEL_eyes_lookUp	Eye Direction - LOOK UP
LABEL_eyes_rightEye_blink	Eye Blink - RIGHT
LABEL_eyes_rightEye_wide	Eye Wide - RIGHT
LABEL_FacewareRtCharSetup	Faceware Retargeter - Character Setup
LABEL_FinishSelectedExpression	Finish Selected Expression(s)
LABEL_Frame	Frame
LABEL_FrameRangeColon	Frame Range:
LABEL_FrameRanges	Frame Range(s)
LABEL_FrameRanges	Frame Ranges
LABEL_From	From
LABEL_FtpConnectionDlgTitle	FTP Connection Info
LABEL_GeneralOptions	General Options
LABEL_GenerateAutoSolve	Generate AutoSolve
LABEL_GetAutoPoses	Get AutoPoses
LABEL_head_Down	Head Rotation - DOWN
LABEL_head_Left	Head Rotation - LEFT
LABEL_head_LeftTilt	Head Tilt - LEFT
LABEL_head_Right	Head Rotation - RIGHT
LABEL_head_RightTilt	Head Tilt - RIGHT
LABEL_head_Up	Head Rotation - UP
LABEL_Help	Help
LABEL_ImportAudio	Import Audio
LABEL_ImportVideo	Import Video
LABEL_InvalidRetargetRangePrompt	Prompt user if setting retarget ranges out of the valid range.
LABEL_jaw_left	Jaw - LEFT
LABEL_jaw_open	Jaw - OPEN
LABEL_jaw_right	Jaw - RIGHT
LABEL_LicenseDlgTitle	Faceware Retargeter\?TM\? License
LABEL_LoadConfigurationFileError	Load Character Setup File Error
LABEL_LoadPerformanceDlgTitle	Open Performance
LABEL_LogFile	Log File
LABEL_MasterControl	Master Control
LABEL_MasterControlColon	Master Control:
LABEL_MobuAddressColon	Address:
LABEL_MobuComputerNameColon	Computer Name:
LABEL_MobuServer	Server
LABEL_mouth_down	Mouth Down
LABEL_mouth_left	Mouth Scrunch - LEFT
LABEL_mouth_leftMouth_frown	Frown - LEFT
LABEL_mouth_leftMouth_narrow	Mouth Narrow - LEFT
LABEL_mouth_leftMouth_smile	Smile - LEFT
LABEL_mouth_leftMouth_stretch	Mouth Stretch - LEFT
LABEL_mouth_lowerLip_left_down	Lower Lip Down - LEFT
LABEL_mouth_lowerLip_left_up	Lower Lip Up - LEFT
LABEL_mouth_lowerLip_right_down	Lower Lip Down - RIGHT
LABEL_mouth_lowerLip_right_up	Lower Lip Up - RIGHT
LABEL_mouth_phoneme_ch	Phoneme - CH
LABEL_mouth_phoneme_fv	Phoneme - FV
LABEL_mouth_phoneme_mbp	Phoneme - MBP
LABEL_mouth_phoneme_oh_q	Phoneme - OO
LABEL_mouth_right	Mouth Scrunch - RIGHT
LABEL_mouth_rightMouth_frown	Frown - RIGHT
LABEL_mouth_rightMouth_narrow	Mouth Narrow - RIGHT
LABEL_mouth_rightMouth_smile	Smile - RIGHT
LABEL_mouth_rightMouth_stretch	Mouth Stretch - RIGHT
LABEL_mouth_up	Mouth Up
LABEL_mouth_upperLip_left_down	Upper Lip Down - LEFT
LABEL_mouth_upperLip_left_up	Upper Lip Up - LEFT
LABEL_mouth_upperLip_right_down	Upper Lip Down - RIGHT
LABEL_mouth_upperLip_right_up	Upper Lip Up - RIGHT
LABEL_Move	Move
LABEL_MoveDotDotDot	Move...
LABEL_Name	Name
LABEL_NameColon	Name:
LABEL_NewDotDotDot	New...
LABEL_NewRigGroup	New Rig Group
LABEL_NfrCaps	Not for Resale
LABEL_nose_nostrils_narrow	Nostril Narrow
LABEL_nose_nostrils_wide	Nostril Flare
LABEL_Offline	Offline
LABEL_Ok	OK
LABEL_Online	Online
LABEL_OpenCharacterConfiguration	Open Character Setup File
LABEL_OpenConnectionFailed	Could not open connection
LABEL_OptionalSharedPoseDatabase	Shared Pose Database (Optional)
LABEL_OptionalSharedPoseDatabaseDisabled	Shared Pose Database (Studio Plus)
LABEL_Options	Options
LABEL_PasswordColon	Password:
LABEL_PerformanceDefaultOffset	Default offset for new performances:
LABEL_PerformanceFile	Performance File
LABEL_PleCaps	Personal Learning Edition - Non-Commercial License
LABEL_PortColon	Port:
LABEL_Pose	Pose
LABEL_PoseCountColon	# of Poses:
LABEL_PoseDescriptionColon	Pose Description:
LABEL_PoseGroup	Face Group
LABEL_PoseGroups	Face Groups
LABEL_Poses	Poses
LABEL_PreferencesDlgTitle	Preferences
LABEL_PruneSpacing	Prune Spacing
LABEL_PruneSpacingColon	Prune Spacing:
LABEL_Pruning	Pruning
LABEL_PruningColon	Pruning:
LABEL_Purchase	Purchase
LABEL_Remove	Remove
LABEL_Restore	Restore
LABEL_RestorePerformance	Restore Performance
LABEL_Retarget	Retarget
LABEL_RetargetRangeDlgTitle	New Retarget Range
LABEL_RetargetSelectedAttributes	Retarget Selected Attributes
LABEL_RetargetSelectedObjects	Retarget Selected Objects
LABEL_RetargetWithAutoSolve	Retarget with AutoSolve
LABEL_RetargetWithSharedPoses	Use Shared Poses when Retargeting
LABEL_Retry	Retry
LABEL_RigControlDefinitionDlgTitle	Rig Control Definition
LABEL_RigControlsDotDotDot	Rig Controls...
LABEL_RigGroups	Face Groups
LABEL_RunDiagnostics	Run Diagnostics
LABEL_RunDiagnosticsDlgTitle	Dialog
LABEL_SaveCharSetupPrompt	The current Character Setup File has not been saved.\nSave before quitting?
LABEL_SceneFrame	Scene Frame
LABEL_SceneFrameColon	Scene Frame:
LABEL_SelectedObjectsDlgTitle	Rig Controls
LABEL_ServerColon	Server:
LABEL_SetAsDefaultValue	Set to Default Value
LABEL_SetFrameRate	Set Frame Rate
LABEL_SetPlaybackRange	Set Playback Range
LABEL_SettingControlValue	Setting Control Value(s)
LABEL_SetToDefault	Set to Default
LABEL_SetValue	Set Value
LABEL_SharedPoseDatabase	Shared Pose Database
LABEL_SharedPoseDatabaseDisabled	Shared Pose Database (Studio Plus)
LABEL_SharedPoses	Shared Poses
LABEL_SharedPosesDisabled	Shared Poses (Studio Plus)
LABEL_ShowAdvancedUserGui	Show Advanced UI Elements
LABEL_ShowAdvancedUserGuiDisabled	Show Advanced UI Elements (Studio Plus)
LABEL_ShowSplashScreen	Show Splash Screen
LABEL_Smoothing	Smoothing
LABEL_SmoothingColon	Smoothing:
LABEL_Studio	Studio
LABEL_StudioPlus	Studio Plus
LABEL_Test	Test
LABEL_TestConnectionExclamationMark	Test Connection!
LABEL_TimeStamp	Time Stamp
LABEL_To	To
LABEL_TrialVersionCaps	TRIAL VERSION
LABEL_Try	Try
LABEL_Type	Type
LABEL_TypeColon	Type:
LABEL_UnsavedData	Unsaved Data
LABEL_Update	Update
LABEL_UpdateCharacterSetupFile	Update Character Setup File
LABEL_Use	Use
LABEL_UsernameColon	Username:
LABEL_VideoFrame	Video Frame
LABEL_VideoName	Video Name
MENU_About	&About...
MENU_Advanced	&Advanced
MENU_AutoSolve	&AutoSolve
MENU_BackuporRestore	&Backup or Restore...
MENU_CharacterSetup	&Character Setup...
MENU_CheckCurrentCharacter	&Check Current Character
MENU_ClearAllKeys	Clear All &Keys
MENU_CopyRange	C&opy Range...
MENU_DeleteRange	&Delete Range...
MENU_EditRange	&Edit Range...
MENU_File	&File
MENU_Help	&Help
MENU_ImportSound	&Import Sound...
MENU_LoadDotDotDot	&Load...
MENU_New	&New
MENU_NewRange	&New Range...
MENU_OnlineHelp	&Online Help
MENU_Open	&Open...
MENU_Performance	&Performance
MENU_PoseGroups	Face &Groups
MENU_Preferences	&Preferences...
MENU_ReloadRetargetingResults	&Reload Retargeting Results
MENU_Retargeting	&Retargeting
MENU_RevertToPoses	Re&vert to Poses
MENU_Save	&Save
MENU_SaveAs	Save &As...
MENU_SceneFrameOffset	&Scene Frame Offset...
MENU_SetPlaybackRange	Set &Playback Range
MENU_Tutorials	&Tutorials
MENU_UpgradetoRetargeterPro	&Upgrade to Retargeter Studio Plus
MSG_Aborted	Aborted
MSG_AddAnalysisDataOnMissingFrame	Adding Analysis Data to a pose on a non-existent frame.
MSG_AddAttributToComponent	Add attribute(s) to component (\?COMPONENT NAME\?)
MSG_AddDuplicatePoseToDatabase	Pose already exists and cannot be added again.
MSG_AddingDuplicatePose	Pose already exists and cannot be added again.
MSG_AddingDuplicateRetargetRange	Cannot add Retarget Range. Choose a unique name.
MSG_AddingSharedPoses	Adding Shared Pose(s)
MSG_AddPose	Add Pose
MSG_AddPoseDetail	Add Pose, Frame: \?FRAME NUMBER\?, Face Group: '\?POSE GROUP\?', Name: '\?POSE NAME\?'
MSG_AddPoseToLockedDatabase	Error adding this Pose. It seems that someone else has a lock on the database.\nPlease try again.
MSG_AddRetargetRange	New range '\?RANGE NAME\?' for Face Group '\?GROUP NAME\?'
MSG_AddSharedPose	Add Shared Pose
MSG_AddSharedPoseCmd	Adding Shared Pose: '\?COMPONENT NAME\?', VideoFileName: '\?JOB NAME\?', Frame: \?FRAME NUMBER\?
MSG_AddWavFileError	Error Adding Wav file.
MSG_AllFiles	All Files
MSG_AllRightsReservedPeriod	All rights reserved.
MSG_AnalysisDataNotSetInPose	Retarget: "Analysis Data" file has not been set for this character's pose '\?COMPONENT NAME\?'. Open the character file in Character Setup and set it accordingly.
MSG_ApplyingChanges	Applying Changes
MSG_ApplyOffsetToKeys	Apply offset (\?OFFSET\?) to '\?COMPONENT NAME\?'
MSG_ApplySceneOffset	Apply Scene Offset
MSG_AttributeFailedTest	The following attributes were either missing or locked:\n\n\?ID LIST\?
MSG_AttributeIdAlreadyExists	Attribute '\?ID\?' already exists.
MSG_AttributeIdConflict	Attribute Id '\?ATTRIBUTE ID\?' already exists.
MSG_AttributeNameAlreadyExists	Attribute Name '\?NAME\?' already exists.
MSG_AttributeNameConflict	Attribute Name '\?ATTRIBUTE NAME\?' already exists.
MSG_AttributeNotExist	Attribute does not exist.
MSG_AutoCalibrationFrame	AutoCalibration Frame
MSG_AutoPose	AutoPose(s)
MSG_AutoPoses	AutoPoses
MSG_AutoSolveDataNotFound	Warning: This performance does not have AutoSolve data. Some functionality will be disabled. Please re-parameterize your Job in Analyzer to enable AutoSolve.
MSG_BackupFailedFileAccess	Unable to backup to '\?FILE NAME\?'. Backup may already exist or you do not have the correct file permissions.
MSG_BackupFilenameInvalid	Invalid name for backup. Select a name that is valid as a filename.
MSG_BackupRestoreFailed	Unable to restore from '\?FILE NAME\?'.
MSG_BrowseForCharacterConfigurationFile	Browse for Character Setup File
MSG_BrowseForIdFile	Browse for \?FILE NAME\? ID File
MSG_BrowseForThumbnail	Browse for Thumbnail
MSG_CalculatingAnimationDotDotDot	Loading Animation...
MSG_CannotAddAttributeNotInScene	The attribute you entered does not exist in your scene and cannot be added.
MSG_CannotConnectToLockedDatabase	Cannot connect to database. It seems to be locked by another user.
MSG_CantAddToDatabaseMissingPose	Pose does not exist. Cannot add Shared Pose.
MSG_CantAddToDatabaseMissingPoseFrame	Pose frame does not exist. Cannot add to Shared Poses.
MSG_CantCreateDatabaseWithoutFilename	Cannot Create Shared Pose Database. Filename not set.
MSG_CantCreateDuplicateDatabase	Cannot Create Shared Pose Database. It already exists.
MSG_CantCreateDuplicateDatabaseFile	Cannot Create Shared Pose Database. File already exists.
MSG_CantCreateJobDirectory	Error creating job directory.
MSG_CantDeletePoseGroup	Unable to delete Face Group.
MSG_CantExtractAnalysisData	Could not find Analysis Data to extract.
MSG_CantFindAnalsisData	Unable to find Analysis Data with name '\?PARAMETER DATA NAME\?'.
MSG_CantFindController	The controller '\?CONTROLLER NAME\?' cannot be found.
MSG_CantFindPose	Could not find pose.
MSG_CantFindPoseInDatabase	Cannot find pose in database.
MSG_CantFindRigGroupAttribute	Could not find attribute for Face Group '\?COMPONENT NAME\?'.
MSG_CantGenerateAutoSolve	Cannot run AutoSolve. Retargeting file is loaded but does not have AutoSolve data.
MSG_CantGetAutoPoseMarkupScheme	Cannot get AutoPoses. Some of your Shared Poses were parameterized with a separate markup scheme.
MSG_CantGetCurrentSelectionInMax	Failed to get current selection.\nPlease ensure the "ImChannelBox.ms" script is in your "Max\Scripts\Startup" folder.
MSG_CantGetSharedPoseInformationFromNetwork	Unable to get shared pose information from network.\nUsing values from local cache.
MSG_CantJobNameInSharedPoses	Cannot find job name in existing shared poses.
MSG_CantLoadAutoPose	Unable to load AutoPose for '\?COMPONENT NAME\?'.
MSG_CantLoadCharacterFile	Unable to load selected character file.
MSG_CantLoadNonFwrFile	Could not load performance. Please select a valid Retargeting file.
MSG_CantSaveReadOnlyCharSetupFile	The file '" + file + "' is read only.\nCannot save Character Configuration.
MSG_CantSelectAttributeInScene	Unable to select specific attributes in scene object.
MSG_CantWriteToJobDirectory	Contents in the current job directory are not fully writable.
MSG_ChangeRigGroupOptions	Change face group options
MSG_CharacterConfigFiles	Character Config Files
MSG_CharacterFileNameNotFound	Character File '\?FILE NAME\?' does not exist.
MSG_CharacterFileNotFound	Character File does not exist.
MSG_CharacterIsValid	Character is valid
MSG_CharacterMissingAttributePrompt	Some attributes in your character setup file do not exist in your Poses.\nDo you want to add them using the current scene values or the default control values?
MSG_CharSetupAutomaticallyUpgraded	Automatically upgraded Character Setup. Please save the file to save the change(s).
MSG_CheckForValidImbinFile	Check for valid Imbin file
MSG_CleanUpImbinFile	Clean up Imbin file
MSG_ClearAllKeys	Clear all keys
MSG_ClearAllKeysPrompt	Are you sure you want to clear all keys?
MSG_CloseBeforeOpenFile	Close file '\?FILE NAME\?' before opening '\?FILE NAME\?'.
MSG_CommandLineNeedProLicense	Command line access requires a Retargeter Studio Plus license.
MSG_CommandLineSyntaxError	Bad command line syntax.
MSG_ComponentAlreadyExists	Component '\?COMPONENT NAME\?' already exists.
MSG_ComponentIdConflict	The id '\?ID\?' already exists for the component '\?COMPONENT NAME\?'.
MSG_ComponentIdConflict	Invalid attribute id. That id already exists in component '\?ID NAME\?'.
MSG_ComponentNameConflict	Invalid name. That name already exists in component '\?COMPONENT NAME\?'.
MSG_Confirm	Confirm
MSG_ConnectingToServer	Connecting to server
MSG_ConnectionSuccessfulExclamationMark	Connection successful!
MSG_ConnectToDatabaseFailed	Error Connecting to Shared Pose Database File.
MSG_ControlIdInGroup	\?CONTROL ID\?' in group(s): '\?GROUP NAME\?'
MSG_ControllerKeyNotFound	Could not find keys for controller '\?CONTROLLER NAME\?'.
MSG_ControllerNotFound	Could not find control '\?CONTROLLER NAME\?'.
MSG_ControlMissingPoseValues	No controls in the scene have pose values for retargeting.
MSG_ControlNotCompatibleWithMasterControl	Controls in current scene cannot properly work with Master Control set to None.\nSet Master Control to Auto or to a specific control.
MSG_ControlNotFoundInScene	Cannot find control '\?CONTROL NAME\?' in scene.
MSG_ControlNotNumeric	This control is not numeric
MSG_ControlsOutOfSyncOnFrames	The following controls had out of sync (scene/calibration) values on the following frames:
MSG_ControlValueOutOfBounds	Value is outside range for this control
MSG_CopyingOverlappingRetargetRange	Cannot copy retarget ranges, since this will result in overlapping ranges.
MSG_CopyingPose	Copying Pose
MSG_CopyPose	Copy Pose
MSG_CopyPoseCmd	Copying Pose on frame \?FROM FRAME NUMBER\? to frame \?TO FRAME NUMBER\? ('\?COMPONENT NAME\?')
MSG_CopyRange	Copy Range
MSG_CreateBipedFailedInvalidId	Failed to create biped controller.\nInvalid Id.
MSG_CreateControllerFailedInvalidAxis	Failed to create controller.\nInvalid Axis.
MSG_CreateControllerFailedinvalidBiped	Failed to create controller.\nInvalid biped controller type.
MSG_CreateNetworkDatabase	Creating Network Shared Pose Database: '\?FILE NAME\?'
MSG_CreatingMissingPoseGroups	Creating Missing Face Groups.
MSG_DatabaseInconsistent	Detected an inconsistency in the Shared Pose Database cache.  Please delete the 'shared' folder in your Job directory and reload the performance.
MSG_DatabaseServiceError	Shared Poses service error occurred on server\n\n\?ERROR MESSAGE\?
MSG_DeleteAttributeFromComponent	Delete attribute (\?ATTRIBUTE ID\?) from component (\?COMPONENT NAME\?)
MSG_DeleteComponent	Delete component (\?COMPONENT NAME\?)
MSG_DeleteKeyframes	Delete Keyframes
MSG_DeleteKeys	Delete Keys
MSG_DeleteKeysAllPoseGroup	Deleting Keys For All Face Groups
MSG_DeleteKeysByName	Deleting Keys For: '\?NAME\?'
MSG_DeleteKeysNo	No, don't delete keys
MSG_DeleteKeysPrompt	Would you like to delete the key(s) on the Rig Controls as well?
MSG_DeleteKeysYes	Yes, delete keys
MSG_DeleteMismatchedCAllFrames	Deleting frames in the scene which differed from calibration frames
MSG_DeletePose	Delete Pose
MSG_DeletePoseCmd	Delete Pose - Frame: \?FRAME NUMBER\?, Face Group: '\?COMPONENT NAME\?'
MSG_DeletePoseGroup	Delete Face Group
MSG_DeletePoseGroupPrompt	Are you sure you want to delete the following Retarget Range?\n\n\?RANGE NAME\?\n\nThis action is NOT undoable.
MSG_DeletePoseInDatabaseFailed	Failed to DeletePose - \?ERROR MESSAGE\?
MSG_DeletePoseInLockedDatabase	Error deleting this pose. It seems that someone else has a lock on the database.\nPlease try again.
MSG_DeletePoses	Delete Poses
MSG_DeleteRetargetRange	Delete Retarget Range
MSG_DeleteRetargetRangeDataSet	Delete Dataset '\?RANGE NAME\?'
MSG_DeleteRigGroup	Delete Face Group
MSG_DeleteRigGroupPrompt	Delete the '\?RIG GROUP\?' Face Group?
MSG_DeleteSelectedRigControlPrompt	Delete the selected Rig Control(s)?
MSG_DeleteSharedPoseCmd	Deleting Shared Pose: '\?COMPONENT NAME\?', VideoFilename: '\?FILE NAME\?', Frame: \?FRAME NUMBER\?
MSG_DeleteSharedPoses	Delete Shared Pose(s)
MSG_DirectoryListingError	Error listing files in directory '\?DIRECTORY NAME\?' with extension '\?EXTENSION\?'.
MSG_DirectoryNotFoundForJob	Cannot find the directory that is needed to load the job.\n\n\?DIRECTORY NAME\?
MSG_DontAskAgainPrompt	Don't ask me this again
MSG_DownloadingResults	Downloading results
MSG_DuplicateControllerInFile	The file you have loaded contains controls that are present in more than one Face Group. Please make sure the following controls are only present in one group or you will be unable to load a Performance with this file.\n\?CONTROLLER LIST\?
MSG_DuplicateControllerInGroup	The following control(s) already exist in the \?COMPONENT NAME\? Face Group.  Controls can only belong to a single Face Group.\?CONTROL LIST\?
MSG_DuplicatePoseFrame	Shared Pose frame already exists.
MSG_DuplicatePoseGroup	The Face Group set '\?COMPONENT NAME\?' already exists.
MSG_DuplicatePoseInDatabase	Pose is duplicated in data store.
MSG_DuplicateRangeName	Range names must be unique.
MSG_DuplicateRigControlsInPoseGroups	The following Rig Controls had Attributes which were duplicate across Face Groups:
MSG_EditPoseCmd	Change Pose (\?FRAME NUMBER\?) description to '\?FRAME NAME\?'
MSG_EditPoseGroup	Edit Face Group
MSG_EditRange	Edit Range
MSG_EditRigControl	Edit Rig Control
MSG_Eighth	eighth
MSG_EnterCharacterName	Enter name of Character
MSG_EnterDefaultRigControlValue	Enter the default value for the Rig Control
MSG_EnterFrameRangesSeparatedByComma	Please enter a comma separated list of frame ranges. Leave blank for the full range.
MSG_EnterNewPoseDescription	Enter a new Pose description
MSG_EnterOffsetValuePrompt	Enter the offset value (frames) between the video and the scene.
MSG_EnterRangeName	Enter a name for the Range.
MSG_EnterRigGroupName	Enter a name for the Face Group.
MSG_EnterValidPruningValue	Please set a Pruning value between 0 and 100.
MSG_EnterValidSmoothingValue	Please set a Smoothing value between 0 and 100.
MSG_EnterValue0To100	Please enter a value between 0 and 100.
MSG_Error	Error
MSG_ErrorDuringUpdate	Error during update.
MSG_ErrorLoadingJob	Error Loading Performance
MSG_ExceededCalibrationFrame	Calibration frame (\?FRAME\?) > number of frames parameterized (\?MAX FRAME\?) !
MSG_ExecutableFailed	Executable failed:
MSG_ExistingPoseOnFrame	A Pose already exists on frame \?FRAME NUMBER\?. Do you want to overwrite the existing Pose?
MSG_ExpectedBoolParameter	Expected a bool for the \?INDEX\? parameter.\n
MSG_ExpectedDoubleParameter	Expected a double for the \?INDEX\? parameter.\n
MSG_ExpectedDoublesParameter	Expected an array of doubles for the \?INDEX\? parameter.\n
MSG_ExpectedIntParameter	Expected an int for the \?INDEX\? parameter.\n
MSG_ExpectedIntsParameter	Expected an array of ints for the \?INDEX\? parameter.\n
MSG_ExpectedStringParameter	Expected a string for the \?INDEX\? parameter.\n
MSG_ExpectedStringsParameter	Expected an array of strings for the \?INDEX\? parameter.\n
MSG_ExpiredExpressionSetPrompt	Your Expression Set is out of date and must be updated. Would you like to update it now? (Please back up your file first if you're unsure.)
MSG_ExtractingControlValuesFromScene	Extracting control values from scene.
MSG_FacewareRetargetingFiles	Faceware Retargeting Files
MSG_FailedToCreateLockedDatabase	Error Creating Database. It seems to be locked by another user.
MSG_FailedToUpgradeDatabase	Failed to upgrade database - \?ERROR MESSAGE\?
MSG_Fifth	fifth
MSG_FileAccessFailed	Error reading or writing from file.
MSG_FileMissing	File not found
MSG_FileNotFound	File does not exist.
MSG_FileOpenFailed	Error opening file.
MSG_FindAnimButtonStateFailed	Failed to find Anim Button State
MSG_FindSoundOffsetFailed	Failed to find sound offset.
MSG_First	first
MSG_ForceViewportUpdate	Forcing Viewport Update
MSG_FoundIncompatibleLicenses	Incompatible license found!
MSG_Fourth	fourth
MSG_FtpConnectionFailedComma	FTP connection failed.
MSG_FtpTest	FTP Test
MSG_FwrFileNotParameterized	The FWR file you have selected has not been Parameterized. You will need to Parameterize the file in Analyzer before loading it in Retargeter.
MSG_GetAnimCurveValueFailed	Error extracting anim curve value.\n\nMake sure none of your controls are locked.
MSG_GetAttributeDataFailed	Failed to get attribute data.
MSG_GetAudioClipFailed	GetAudioClip: Invalid request. The scene is not correctly set up.
MSG_GetAutoPoseFailed	Failed to get AutoPose frame numbers.
MSG_GetControllerFailed	Get Controller '\?CONTROLLER NAME\?' failed.
MSG_GetControlNumericInfoFailed	Unable to retrieve numeric information for this control
MSG_GetCurrentSelectionFailed	Failed to get current selection
MSG_GetFrameNumberError	Error getting frame numbers.
MSG_GetKeyIndicesFailedInMax	GetKeyIndices for '\?CONTROLLER NAME\?' failed.\nPlease ensure the "ImUtilityScripts.ms" script is in your "Max\Scripts\Startup" folder.
MSG_GetMayaAnimCurveFailed	Error extracting Maya anim curves.\n\nMake sure none of your controls are locked.
MSG_GetPoseFailed	Failed to get poses for '\?COMPONENT NAME\?'.
MSG_GetPoseFromDatabaseFailed	Failed to get poses - \?ERROR MESSAGE\?
MSG_GetPoseFromSceneFailed	Failed to get poses from scene.
MSG_GetRigGroupSharedPose	Getting Shared Poses for Face Group: '\?COMPONENT NAME\?'
MSG_GetSelectedObjectAttributes	Get selected object/attributes
MSG_GetValueFailed	GetValue for Generic Controller '\?CONTROLLER NAME\?' failed.
MSG_GetValueFromIdFailed	Error getting value from '\?ID\?'.
MSG_GetValueOnIdFailed	Error getting value on '\?ID\?'.
MSG_GetVideoClipFailed	GetVideoClip: Invalid request. The scene is not correctly set up.
MSG_GoToFrameNumber	Go to frame number
MSG_IdNotAFloat	\?ID\? is not a float.
MSG_IdNotValidController	\?ID\? is not a valid controllers.
MSG_IdPoseGroupSizeMismatch	Ids must be the same size as pose groups.
MSG_IdsCalibrationValuesSizeMismatch	ids must be the same size as frames and calVals
MSG_ImaFileMissingController	Unable to find controller '\?CONTROLLER ID\?' in ima file.
MSG_ImaValueMismatch	Ima key value at frame '\?FRAME NUMBER\?' does not match in scene for controller ''\?CONTROLLER ID\?'' ('\?IMA VALUE\?'!='\?SCENE VALUE\?').
MSG_ImportingRetargetingResults	Importing Retargeting Results
MSG_ImportSound	Import Sound
MSG_ImportSoundCmd	Import Sound File
MSG_ImportWavFailed	Cannot import audio file. Skipping audio import step.
MSG_IncompatibleLicensePrompt	Your license is incompatible with the current version of Retargeter.  Please restart the program.
MSG_IndexOutOfBounds	Index out of bounds.
MSG_IndexOutOfRange	Index out of range.
MSG_Info	Info
MSG_InvalidArguments	Invalid arguments.
MSG_InvalidBinaryAnimationCurveDataFile	The file '\?FILE NAME\?' is missing or is not a binary animation curve data file.
MSG_InvalidCharacterLoaded	Invalid Character Loaded - Please check that your Character Setup file matches the currently loaded Character in your scene.
MSG_InvalidCharConfigFile	The Character Setup file '\?CHAR CONFIG FILE\?'was invalid.
MSG_InvalidCharSetupFileControllerNotFound	Your Character Setup file is invalid because there are controls in your file that cannot be found in your scene. This can be caused by loading an incorrect file, having namespaces on your controls, or possibly from changes to the character that have not been updated in your file. The following controls were not found in your scene:\?CONTROLLER LIST\?
MSG_InvalidCommandLineArgument	Invalid argument '\?ARGUMENT\?'.
MSG_InvalidComponentNameForCreation	Error creating component. Select a name that is valid as a filename.
MSG_InvalidComponentNameForReading	Error reading in component. Component name is not valid as a filename.
MSG_InvalidComponentNameForSetting	Error setting component name. Name is not valid as a filename.
MSG_InvalidControl	Invalid control
MSG_InvalidFrame	Invalid Frame
MSG_InvalidFtpPort	FTP port is invalid.
MSG_InvalidFtpSiteIpAddressFormat	FTP Site has invalid IP address format.
MSG_InvalidNameForPoseGroup	Invalid name for Face Group. Select a name that is valid as a filename.
MSG_InvalidParameterData	Invalid Parameter Data
MSG_InvalidPoseGroup	Invalid Face Group.
MSG_InvalidPoseGroupPrompt	This is not a valid Face Group. Do you need to upgrade?
MSG_InvalidPoseLists	Invalid pose lists.
MSG_InvalidPoseWeightValue	Pose Weight must be between 0 and 100.
MSG_InvalidPruneValue	Pruning value must be between 0 and 100.
MSG_InvalidRange	Invalid Range
MSG_InvalidRetargetRangeName	Invalid name for retarget range. Select a name that is valid as a filename.
MSG_InvalidRigControlIndex	Invalid rig control index for '\?COMPONENT NAME\?', cannot edit attribute.
MSG_InvalidRigControls	The following Rig Controls were not valid:
MSG_InvalidRigGroupFilename	The Face Group file '\?FILE NAME\?' is invalid.
MSG_InvalidServerLocation	Invalid server location. Must be '\?FTP PROTOCOL NAME\?' or '\?LAN PROTOCOL NAME\?'.
MSG_InvalidSmoothingValue	Invalid Smoothing Value. Must be between 0 and 100.
MSG_InvalidSyntax	Invalid Syntax.
MSG_InvalidTargetFrameRegion	The target frame is in an invalid region.
MSG_InvalidVideoXmlFile	The video xml file was invalid.
MSG_KeyFrameNotFoundInController	Key frame \?FRAME NUMBER\? does not exist in scene for controller '\?CONTROLLER ID\?' .
MSG_LearnMoreAboutTrial	Learn more about your Faceware trial.
MSG_LicenseExpirationPrompt	You have \?DAYS\? days left to try Faceware Retargeter. What would you like to do?
MSG_ListSeparator	,
MSG_LoadCharacterFailed	Cannot load character. There are duplicate attributes: \nID: \?ID\?\nName: \?NAME\?
MSG_LoadCharacterSetup	Load Character Setup '\?FILE NAME\?'
MSG_LoadExpressionSet	Load Expression Set
MSG_LoadExpressionSetDefFailed	Could not load ExpressionSetDefinition.xml
MSG_LoadingCharacterInformation	Loading Character Information
MSG_LoadingJobData	Loading Job Data
MSG_LoadingPerformanceData	Loading Performance Data
MSG_LoadingPoses	Loading Poses for '\?COMPONENT NAME\?'
MSG_LoadingResults	Loading Results
MSG_LoadingSharedPosesFromLocalCache	Loading Shared Poses From Local Cache
MSG_LoadingVideoInfo	Loading Video Info
MSG_LoadJobAssetError	Failed to load job assets.\n\?ERROR MESSAGE\?
MSG_LoadJobExpressionSetNeedUpdate	Performance was loaded but your Expression Set is out of date and must be updated.
MSG_LoadJobExpressionSetNeedUpdateSkipAutoSolve	Performance was loaded but your Expression Set is out of date and must be updated. AutoSolve will not be run.
MSG_LoadJobExpressionSetUpdateFailed	Performance was loaded but your Expression Set was not able to be updated to the latest version.
MSG_LoadJobExpressionSetUpdateFailedSkipAutoSolve	Performance was loaded but your Expression Set was not able to be updated to the latest version. AutoSolve will not be run.
MSG_LoadJobSkipAutoSolve	Performance was loaded but AutoSolve will not be performed.
MSG_LoadPerformance	Load Performance
MSG_LoadPerformanceCanceled	Load Performance canceled.
MSG_LoadSharedPosePrompt	Do you want to load the Shared Poses for this performance?
MSG_LoadSharedPoseUnknownError	Unknown error when trying to load Shared Poses
MSG_LoadSoundFailed	Failed to load sound file '\?FILE NAME\?'.
MSG_LoadVideoPlaneError	Error Loading Video Plane.
MSG_LocalCacheDirectoryNotSet	Local Cache Directory Not Set.
MSG_LocalRetargetingError	Error running local retargeting.
MSG_LostWibuLicense	Found invalid license type.
MSG_MasterControlNotFound	Master Control not one of the selected controls.
MSG_MasterControlNotSelected	Master Control is not selected.
MSG_MaxDeleteBipedObjectFailed	\?MAX COMMAND\? for biped object '\?OBJECT NAME\?' failed.
MSG_MayaCommandHasWrongParameterCount	\?COMMAND NAME\?: wrong number of parameters.\nGot \?ARGUMENTS RECEIVED\? expected \?ARGUMENTS NEEDED\?\nExpected Syntax:\n\?COMMAND NAME\? \?COMMAND DESC\?
MSG_MayaDeleteAttrKeyFrameError	Error deleting key frames for attribute '\?CONTROLLER NAME\?'.\nMaya Error:-
MSG_MayaGetAttrError	Error getting attribute value, Frame: \?SCENE FRAME\? AttributeID: '\?CONTROLLER ID\?'.\nMaya Error:-
MSG_MayaGetSoundOffsetError	Error getting sound offset.\nMaya Error:-
MSG_MayaListingSelectedObjectFailed	Error listing selected objects.\nMaya Error:-
MSG_MayaListObjectAttrError	Error listing attributes of '\?OBJECT NAME\?'.\nMaya Error:-
MSG_MayaMoveAttrKeyFrameError	Error moving key frames for attribute '\?CONTROLLER NAME\?'.\nMaya Error:-
MSG_MayaQueryAutoKeyStateError	Error Querying autokey state.\nMaya Error:-
MSG_MayaQuerySceneStatusError	Error querying scene status.\nMaya Error:-
MSG_MayaSetAttrKeyframesError	Error setting keyframes of attribute '\?CONTROLLER ID\?' for frames [\?START FRAME\?-\?END FRAME\?].\nMaya Error:-"
MSG_MayaSetAutoKeyStateError	Error setting autokey state.\nMaya Error:-
MSG_MayaSetCurrentTimeUnitError	Error setting current time unit.\nMaya Error:-
MSG_MayaSetSoundOffsetError	Error setting sound offset.\nMaya Error:-
MSG_MayaSetVideoOffsetError	Error setting video offset.\nMaya Error:-
MSG_MinMaxRangeError	Retarget: Error in checking min and max ranges for pose values.
MSG_MismatchParameterCount	Global texture parameter row count does not match global shape parameter row count.
MSG_MismatchSamplesCount	Texture and Shape samples row count do not match.
MSG_MissingDatabasePrompt	Please create or select an existing Shared Pose Database from Advanced>Preferences before adding a Pose.
MSG_MissingPoseFrame	The Pose frame \?FRAME NUMBER\? does not exist.
MSG_MissingPoseGroup	The Face Group '\?COMPONENT NAME\?' does not exist.
MSG_MissingRange	The Retarget Range '\?RANGE NAME\?' does not exist.
MSG_MissingRigControlAbort	Aborting action caused by missing animation controls:\?CONTROL LIST\?
MSG_MissingSharedPoseForPerformance	You haven't gotten the Shared Poses for this performance.
MSG_MobuOffLine	MotionBuilder application appears to be offline.
MSG_MobuOutOfSync	Out of sync with 3D Application. Please reload the app and try again.
MSG_MoveKeysFailed	MoveKeys for Generic Controller '\?CONTROLLER NAME\?' failed.
MSG_MultiplePosesInDatabase	The same pose was returned twice.
MSG_MultiplePosesInDatabase	Missing Analysis Data for pose: \?DESCRIPTION\?
MSG_NewCharacterConfiguration	New Character Configuration
MSG_NewPoseGroup	New Face Group
MSG_NewRange	New Range
MSG_NewRigGroup	New Face Group '\?COMPONENT NAME\?'
MSG_Ninth	ninth
MSG_NoControllersSelected	No Controllers Selected
MSG_NoErrorInfo	No error information available.
MSG_NoFilenameForDatabase	No filename configured for database.
MSG_NoJobIsLoaded	No Job Is Loaded.
MSG_NoLicenseFound	No valid license found!
MSG_NoLicensePrompt	No valid Retargeter license was found. Please check that you have a valid license and that it has not been removed from the computer or expired.
MSG_NoPoseGroupSelected	No Face Group is selected.
MSG_NoPoseSelected	No Pose is selected.
MSG_NoPoseSelectedForRetargeting	No Poses selected in '\?RANGE NAME\?'. Please set them before retargeting.
MSG_NoPosesSelected	No Poses Selected.
MSG_NoPoseToDelete	Cannot find pose to delete.
MSG_NoPoseToRetarget	Cannot retarget. No poses selected.
MSG_NoRigControlIsSelected	No Rig Control is selected.
MSG_NoRigGroupSelected	No Face Group is selected.
MSG_NotValidCharConfigFile	Not a valid Character Setup file.
MSG_ObtainKeyStateFailed	Error obtaining key state.\n\nMake sure none of your controls are locked.
MSG_OffsetSoundFailed	Failed to offset sound.
MSG_OnFrame	on frame
MSG_OpenFileFailed	Error opening '\?FILE NAME\?'.
MSG_OpenFwrFileFailed	Unable to open Retargeting file.
MSG_OpeningPerformance	Opening Performance
MSG_OpenJobControlNotFound	Your Character Setup file is invalid because there are controls in your file that cannot be found in your scene. This can be caused by loading an incorrect file, having namespaces on your controls, or possibly from changes to the character that have not been updated in your file. The following controls were not found in your scene:\n\?CONTROLLER LIST\?
MSG_OpenJobControlNotUniqueToGroup	Your Character Setup file is invalid because there are some controls that belong to more than one Face Group. Please open your file in Character Setup and make sure the following controls are only in one Face Group:\n\?CONTROLLER LIST\?
MSG_OpenPerformance	Open Performance
MSG_OperationInterrupted	Operation was interrupted.
MSG_OptionalFlagsColon	Optional Flags:
MSG_OutOfBoundFrames	The following video frames are out of retargeting range:\?FRAME LIST\?
MSG_OutOfBoundsFrameRanges	The frame ranges you specified are outside of the valid ranges for this video.
MSG_OverlappyingRanges	Cannot set overlapping ranges.
MSG_PerformanceFileNotFound	Performance File does not exist.
MSG_PoseDescription	Pose Description
MSG_PoseFrameConflict	A Pose at frame \?FRAME NUMBER\? already exists.
MSG_PoseFrameConflictPrompt	A Pose at frame \?FRAME NUMBER\? already exists. Would you like to overwrite it?
MSG_PoseFrameOutOfBound	Error adding pose.\nFrame number is outside the valid range for the video.
MSG_PoseGroupMissingAnalysisData	There is no 'Analysis Data' for this Face Group in your current scene.  You might be attempting to Retarget on a group that has no tracking data from Analyzer.\nFor more information, please contact Faceware Support.
MSG_PoseGroupMissingAnalysisDataPrompt	There is no 'Analysis Data' for the following Face Group(s) in your current scene.\n\?RANGE LIST\?\n\nYou might be attempting to Retarget on a group that has no tracking data from Analyzer. For more information, please contact Faceware Support.
MSG_PoseGroupModelEnterValidRange	Please enter a valid range.\nExamples:\n\nAll Frames\n40-100\n40-100,150-250
MSG_PoseGroupModelUseValidName	Please use a name that is also valid as a filename.
MSG_PoseGroupNameConflict	Face Group with that name already exists.
MSG_PoseGroupNeededForRetargeting	Please select a Face Group to retarget.
MSG_PoseGroupNotFound	Could not find the requested Face Group '\?COMPONENT NAME\?'.
MSG_PoseInNotDatabase	Pose is not in data store.
MSG_PoseName	Pose Name
MSG_PoseOutOfSyncPrompt	Your saved Poses are out of sync with the controller values in your scene.\nWhat would you like to do?
MSG_RangeNameConflict	Range with that name already exists.
MSG_RangesOutOfBound	The ranges cannot be outside of video ranges.
MSG_RangesOutOfBoundDetailed	The ranges cannot be outside of video ranges. (\?RANGE START\?-\?RANGE END\?)
MSG_RangesOutOfBounds	The ranges cannot be outside of scene ranges \?FRAME RANGES\?.
MSG_ReadFileError	Error reading from '\?FILE NAME\?'.
MSG_ReadFileFailed	Failed to read file.
MSG_ReadOnlyAssetChangeWritePermission	The following asset files are read-only,\n\?ASSET LIST\?Change the write permissions and re-run.
MSG_Redo	Redo
MSG_ReDone	ReDone
MSG_RefreshError	Error Refreshing
MSG_ReloadPluginPrompt	Reloading the Retargeter plugin in the same session is not supported. Please restart the app.
MSG_RenameNonParameterizedFrameRange	The frame range you specified includes ranges that have not been parameterized. Do you want to assign it anyway?
MSG_RequestFailed	Unable to perform request.
MSG_RequestFailedLargeData	Unable to perform request. Data may be too large.
MSG_RequiredArgumentCount	Number of argument should be \?NUMBER\?.
MSG_RequiredMinimumArgumentCount	Number of argument should be greater than \?NUMBER\?.
MSG_RetargetFailedOnRangeName	Can't find retarget range with name '\?RANGE NAME\?'.
MSG_Retargeting	Retargeting
MSG_Retargeting Pose Group	Retargeting Face Group '\?POSE GROUP\?'
MSG_RetargetingAttribute	Retargeting attribute '\?ATTRIBUTE\?'
MSG_RetargetingInvalidControl	\?INVALID CONTROL\?' is not a valid Rig Control for Retargeting.
MSG_RetargetingPluginColon	Retargeting Plugin:
MSG_RetargetingPluginVersion	Retargeting Plugin:\?VERSION NUMBER\?
MSG_RetargetMissingAutoSolveData	Aborting Retarget. Attempting to retarget with AutoSolve on a Retargeting file that does not have AutoSolve data.
MSG_RetargetNeedMorePoses	Aborting Retarget. Retargeting without AutoSolve requires at least 2 Poses in this Face Group.
MSG_RetargetSelectedAttributesPrompt	The following attributes are not part of the currently selected Face Group and will be ignored:\n\?ATTRIBUTE LIST\?\n\nDo you want to continue with Retargeting?
MSG_RetoringKeyData	Restoring Key Data - '\?NAME\?'
MSG_RetrievingAutoPose	Retrieving AutoPose(s) for '\?RANGE NAME\?'
MSG_RetrievingAutoPoseDotDotDot	Retrieving AutoPoses...
MSG_RetrievingPoseGroup	Retrieving Face Group '\?RANGE NAME\?'
MSG_RigControlIdNotFound	Rig Control '\?CONTROL ID\?' does not exist.
MSG_RigControlIndexOutOfRange	Face Group index out of range.
MSG_RigControlTestSuccess	Tests on selected Rig Controls are successful!
MSG_RigCtrlNotFound	The '\?RIG CONTROL\?' is not found in the scene.
MSG_RigGroupNotFound	Face Group '\?COMPONENT NAME\?' does not exist.
MSG_RigGroupNotFoundInCharSetupFile	Retarget: Face Group '\?COMPONENT NAME\?' is not defined in character setup file.
MSG_RunningDiagnostics	Running Diagnostics
MSG_RunningService	Running Service
MSG_SavePosesFromScene	Save Poses From Scene
MSG_SaveRetargetJobData	Save Retarget Job Data
MSG_SavingAllPoseGroups	Saving all Face Groups
MSG_SavingDotDotDot	Saving...
MSG_SavingPoseGroup	Saving '\?POSE GROUP\?'
MSG_SceneFrameOffset	Scene Frame Offset
MSG_Second	second
MSG_SelectAnalysisDataFile	Select an Analysis Data File.
MSG_SelectRetargetRangePrompt	Please select a Retarget Range.
MSG_SelectRigControl	Select a Rig Control.
MSG_SelectSceneObjectAttributeFailed	Unable to select specific attributes in scene object.
MSG_SelectSharedPoseDatabase	Select Shared Pose Database
MSG_SelectSoundFile	Select an Audio File
MSG_ServiceSaveFileFailed	Failed to save file for service.
MSG_SetAnimationRangeFailed	Failed to set animation range.
MSG_SetAnimCurveValueFailed	Error setting anim curve value.
MSG_SetAttributeKeyframeFailed	Error setting keyframe of attribute '\?CONTROLLER NAME\?' at frame \?VALUE\?.\nMaya Error:-
MSG_SetAttrValueFailed	Error setting attribute '\?CONTROLLER NAME\?' with value \?VALUE\?.
MSG_SetAttrValueFailedDefaultToZero	Error setting attribute '\?CONTROLLER NAME\?' with value \?VALUE\?.\nValue was set to 0 instead.
MSG_SetAutoPoseCount	Set number of AutoPoses
MSG_SetCharacterName	Set Character Name
MSG_SetCurrentFrameToDefault	Set Current Frame To Default '\?COMPONENT NAME\?'
MSG_SetDatasetFrameRange	Set Dataset frame range
MSG_SetDuplicateName	Set with name '\?RANGE NAME\?' already exists.
MSG_SetFrameRateFailed	Failed to set frame rate.
MSG_SetFrameRateInScene	Set Frame Rate in Scene
MSG_SetKeyFrameFailed	SetKeyFrame for Generic Controller '\?CONTROLLER NAME\?' failed.
MSG_SetKeyframes	Set Keyframes
MSG_SetMultipleKeysFailed	Error setting multiple keys for '\?PLUG NAME\?'.
MSG_SetPlaybackRangeToDefault	Set playback range to default range
MSG_SetPoseFrame	Setting Pose for frame \?FRAME NUMBER\? (\?POSE NAME\?)
MSG_SetPoseName	Set a name for the Pose
MSG_SetPosesinScene	Set Poses in Scene
MSG_SetPoseThumbnail	Set Pose Thumbnail.
MSG_SetPoseValueForAllGroup	Setting Pose Values For All Face Groups
MSG_SetPoseValueForGroup	Setting Pose Values For '\?POSE GROUP\?'
MSG_SetRigControlToDefault	Set rig controls to their default values.
MSG_SetSceneOffset	Set Scene offset to \?FRAME NUMBER\?
MSG_SetSharedPoseInScene	Set Shared Pose in Scene
MSG_SettingKeys	Setting Keys '\?CONTROL ID\?'
MSG_SettingResults	Setting Results For '\?RANGE NAME\?'
MSG_SettingSharedPoseValues	Setting Shared Pose Values for '\?COMPONENT NAME\?'
MSG_SetToDefaultValues	Set to Default Values
MSG_SetUpImagePlaneFailed	Failed to set up image plane.
MSG_SetValueFailed	SetValue for Generic Controller '\?CONTROLLER NAME\?' failed.
MSG_Seventh	seventh
MSG_SharedPoseDatabases	Shared Pose Databases
MSG_SharedPoseImcompatible	Shared Poses parameter data is incompatible with the current job's parameter data.
MSG_SharedPoseNotSelected	No Shared Poses Selected.
MSG_Sixth	sixth
MSG_SoundFiles	Audio Files
MSG_StoringKeyData	Storing Key Data - '\?NAME\?'
MSG_Success	Success
MSG_SyncCalibrationFileToScene	Sync'ing values in the calibration files to the scene
MSG_SyncCancel	Sync cancelled.
MSG_SynchronizeCharacterAndPoses	Synchronize character and poses.
MSG_SynchronizePoseValuesWithScene	Synchronize Pose Values With Scene
MSG_TemporaryFileOpenFailed	Error opening temporary file.
MSG_Tenth	tenth
MSG_TestSucceeded	Test Succeeded
MSG_ThankForTryingRt	Thank you for trying Retargeter!
MSG_Third	third
MSG_ToggleAnimModeFailed	Failed to toggle animmode
MSG_TrademarkSentence	\?FACEWARE TM\? is a trademark of \?FACEWARE TECHNOLOGIES, INC\?
MSG_TruncateListEnder	...
MSG_UndefinedPoseGroup	Retarget: Face Group '\?COMPONENT NAME\?' is not defined in Character Setup file.
MSG_Undo	Undo
MSG_Undone	Undone
MSG_UnknowControllerType	Unknown controller type '\?CONTROLLER TYPE\?'.
MSG_UnknownError	Unknown Error
MSG_UnsupportedGetAutoPose	Getting AutoPoses with AutoSolve and Shared Poses is currently not supported if your Job was Parameterized with the Jaws/Cheeks group. To get AutoPoses, please disable AutoSolve or Shared Poses for this Face Group.
MSG_UpdateCanceled	Update cancelled.
MSG_UpdateCharSetupFileFailed	Unable to update older Character Setup file. Please set the 'Analysis Data' values on the Face Groups.
MSG_UpdateExpressionSet	Update Expression Set
MSG_UpdateExpressionSetFailed	Was not able to update Expression Set to the latest version. Please contact Faceware Support.
MSG_UpdateExpressionSetPrompt	Your Expression Set is out of date. Would you like to update your Character Setup file?
MSG_UpdatePose	Update Pose
MSG_UpdatePoses	Update Poses
MSG_UpdatePosesCancelled	Update Poses Cancelled.
MSG_UpdatePoseToLockedDatabase	Error updating this pose. It seems that someone else has a lock on the database.\nPlease try again.
MSG_UpdatePoseWithScene	Update Poses with scene values
MSG_UpdateSceneWithPose	Update scene with Pose values
MSG_UpdateSelectedPoseState	Updated Selected State: '\?POSE NAME\?'
MSG_UpdateSharedPoseDatabasePrompt	The Shared Pose database selected needs to be upgraded. Please backup your database before clicking OK.
MSG_UpdateSharedPoses	Update Shared Poses
MSG_UpdatingDatasetParameters	Updating Dataset Parameters for
MSG_UpdatingSharedPoses	Updating Shared Pose(s)
MSG_UpgradingJob	Upgrading Job
MSG_UploadingFileSettingParameters	Uploading files and setting parameters
MSG_UseCurrentSceneValues	Use Current Scene Values
MSG_UseDefaultValues	Use Default Values
MSG_ValidCharacter	Valid Character
MSG_ValidRangeNamePrompt	Please enter a valid range name.\nExamples:\n\nAll Frames\n40-100\n40-100,150-250
MSG_Version	version
MSG_Warning	Warning
MSG_WhatHappenedToMyLicense	What happened to my license?
MSG_WriteFileError	Error writing from '\?FILE NAME\?'.
MSG_WriteFileFailed	Failed writing to file '\?FILE NAME\?'.
MSG_WrongSequenceDataCount	Retarget: SequenceData attribute count is incorrect.
MSG_XsiAddAudioClipToMixerFailed	LoadSound: Failed to add the audio clip to the mixer.\nXSI Error:-\?ERROR DESCRIPTION\?
MSG_XsiBlendTextureLayerFailed	SetupMoviePlaneMaterial: Failed to blend in all texture layers.\nXSI Error:-\?ERROR DESCRIPTION\?
MSG_XsiConnectImageClipTextureSamplerFailed	LoadMovieFrames: Failed to connect the image clip to the texture sampler.\nXSI Error:-\?ERROR DESCRIPTION\?
MSG_XsiControlNotKeyable	Control '\?ID\?' is not keyable.
MSG_XsiCreateAudioTrackFailed	LoadSound: Failed to create an audio track.\nXSI Error:-\?ERROR DESCRIPTION\?
MSG_XsiCreateMoviePlaneFailed	CreateMoviePlaneModel: Failed to create the movie plane model.\nXSI Error:-\?ERROR DESCRIPTION\?
MSG_XsiCreateMoviePlaneShaderFailed	SetupMoviePlaneMaterial: Failed to create a shader for the movie plane.\nXSI Error:-\?ERROR DESCRIPTION\?
MSG_XsiCreateMoviePlaneTextureChannelFailed	SetupMoviePlaneMaterial: Failed to create a texture channel for the movie plane.\nXSI Error:-\?ERROR DESCRIPTION\?
MSG_XsiCreatePlaneGeometryFailed	CreatePlaneGeometry: Failed to create the movie plane geometry.\nXSI Error:-\?ERROR DESCRIPTION\?
MSG_XsiGetCurrentFrameFailed	Error getting current frame.\n""XSI Error:-\?ERROR DESCRIPTION\?
MSG_XsiImportAudioFailed	LoadSound: Failed to import the audio file.\nXSI Error:-\?ERROR DESCRIPTION\?
MSG_XsiInvalidParameterId	\?ID\?' is not a valid parameter.
MSG_XsiOffsetKeysDoneManually	Offset keys has to be done manually.
MSG_XsiRotateMoviePlaneFailed	MoveMoviePlaneModel: Failed to rotate the movie plane.\nXSI Error:-\?ERROR DESCRIPTION\?
MSG_XsiScaleMoviePlaneFailed	MoveMoviePlaneModel: Failed to scale the movie plane.\nXSI Error:-\?ERROR DESCRIPTION\?
MSG_XsiSetControlError	Error setting attribute '\?CONTROLLER NAME\?' with value \?VALUE\?.\nXSI Error:-\?ERROR DESCRIPTION\?
MSG_XsiSetCurrentFrameFailed	Error setting current frame.\n""XSI Error:-\?ERROR DESCRIPTION\?
MSG_XsiSetFrameFormatFailed	Error Setting Frame Format.\n""XSI Error:-\?ERROR DESCRIPTION\?
MSG_XsiSetFrameRateFailed	Error Setting Frame Rate.\nXSI Error:-\?ERROR DESCRIPTION\?
TOOLTIP_brows_leftBrow_down	Pose the character's left eyebrow in the 'down' position.
TOOLTIP_brows_leftBrow_squeeze	Pose the character's left eyebrow in the 'squeezed' position.
TOOLTIP_brows_leftBrow_up	Pose the character's left eyebrow in the 'up' position.
TOOLTIP_brows_midBrows_down	Pose the character's mid eyebrows in the 'down' position.
TOOLTIP_brows_midBrows_up	Pose the character's mid eyebrows in the 'up' position.
TOOLTIP_brows_rightBrow_down	Pose the character's right eyebrow in the 'down' position.
TOOLTIP_brows_rightBrow_squeeze	Pose the character's right eyebrow in the 'squeezed' position.
TOOLTIP_brows_rightBrow_up	Pose the character's right eyebrow in the 'up' position.
TOOLTIP_eyes_leftEye_blink	Blink the character's left eye.
TOOLTIP_eyes_leftEye_wide	Open the character's left eye wider than normal.
TOOLTIP_eyes_lookDown	Pose the eyes so that the character is looking down.
TOOLTIP_eyes_lookLeft	Pose the eyes so that the character is looking to their left.
TOOLTIP_eyes_lookRight	Pose the eyes so that the character is looking to their right.
TOOLTIP_eyes_lookUp	Pose the eyes so that the character is looking up.
TOOLTIP_eyes_rightEye_blink	Blink the character's right eye.
TOOLTIP_eyes_rightEye_wide	Open the character's right eye wider than normal.
TOOLTIP_head_Down	Rotate the character's head 30 degrees downwards.
TOOLTIP_head_Left	Rotate the character's head 30 degrees to their left.
TOOLTIP_head_LeftTilt	Tilt the character's head 30 degrees to their left.
TOOLTIP_head_Right	Rotate the character's head 30 degrees to their right.
TOOLTIP_head_RightTilt	Tilt the character's head 30 degrees to their right.
TOOLTIP_head_Up	Rotate the character's head 30 degrees upwards.
TOOLTIP_jaw_left	Rotate the character's jaw to the left side.
TOOLTIP_jaw_open	Open the character's mouth/jaw as wide as it can go.
TOOLTIP_jaw_right	Rotate the character's jaw to the right side.
TOOLTIP_mouth_down	Move the character's entire mouth 'down'.
TOOLTIP_mouth_left	Pose the mouth so it's scrunched on the 'left' side.
TOOLTIP_mouth_leftMouth_frown	Pose the mouth so it's in a frown on the 'left' side.
TOOLTIP_mouth_leftMouth_narrow	Pose the mouth so it's narrowed on the 'left' side.
TOOLTIP_mouth_leftMouth_smile	Pose the mouth so it's in a smile on the 'left' side.
TOOLTIP_mouth_leftMouth_stretch	Pose the mouth so it's stretched on the 'left' side.
TOOLTIP_mouth_lowerLip_left_down	Pose the lower lip's left side in the 'down' position.
TOOLTIP_mouth_lowerLip_left_up	Pose the lower lip's left side in the 'up' position.
TOOLTIP_mouth_lowerLip_right_down	Pose the lower lip's right side in the 'down' position.
TOOLTIP_mouth_lowerLip_right_up	Pose the lower lip's right side in the 'up' position.
TOOLTIP_mouth_phoneme_ch	Pose the mouth in an 'CH' phoneme shape.
TOOLTIP_mouth_phoneme_fv	Pose the mouth in an 'FV' phoneme shape.
TOOLTIP_mouth_phoneme_mbp	Pose the mouth in an 'MBP' phoneme shape (pressed).
TOOLTIP_mouth_phoneme_oh_q	Pose the mouth in an 'OO' phoneme shape.
TOOLTIP_mouth_right	Pose the mouth so it's scrunched on the 'right' side.
TOOLTIP_mouth_rightMouth_frown	Pose the mouth so it's in a frown on the 'right' side.
TOOLTIP_mouth_rightMouth_narrow	Pose the mouth so it's narrowed on the 'right' side.
TOOLTIP_mouth_rightMouth_smile	Pose the mouth so it's in a smile on the 'right' side.
TOOLTIP_mouth_rightMouth_stretch	Pose the mouth so it's stretched on the 'right' side.
TOOLTIP_mouth_up	Move the character's entire mouth 'up'.
TOOLTIP_mouth_upperLip_left_down	Pose the upper lip's left side in the 'down' position.
TOOLTIP_mouth_upperLip_left_up	Pose the upper lip's left side in the 'up' position.
TOOLTIP_mouth_upperLip_right_down	Pose the upper lip's right side in the 'down' position.
TOOLTIP_mouth_upperLip_right_up	Pose the upper lip's right side in the 'up' position.
TOOLTIP_nose_nostrils_narrow	Narrow the character's nostrils as if they're breathing in sharply.
TOOLTIP_nose_nostrils_wide	Flare the character's nostrils as if they're breathing out sharply.
TOOLTIP_PoseGroupModelAutoSolve	Check to Retarget with AutoSolve.
TOOLTIP_PoseGroupModelMasterControl	When Pruning, all of your controller's keys will align to the selected controller's pruned keys.
TOOLTIP_PoseGroupModelPruneSpacing	Prune Spacing values are 0 to 100.
TOOLTIP_PoseGroupModelPruning	Pruning values are 0 to 100.
TOOLTIP_PoseGroupModelRange	Scene Frame Range Examples:\n\nAll Frames\n40-100\n40-100,150-250.
TOOLTIP_PoseGroupModelSmoothing	Smoothing values are 0 to 100.
TOOLTIP_PosesModelDeselectPose	Deselect pose and pull values from the scene.
TOOLTIP_PosesModelSelectPose	Select the pose and apply stored pose values to the scene.
URL_ExpressionSetWalkthrough	http://support.facewaretech.com/entries/25031037-Expression-Set-Walkthrough
URL_LicenseTroubleShooting	http://support.facewaretech.com/entries/30240876-Faceware-License-Troubleshooting
URL_PurchaseSoftware	http://www.facewaretech.com/products/software/retargeter/purchase
URL_RetargeterTutorials	http://www.facewaretech.com/learn/tutorials
URL_Support	http://support.facewaretech.com
URL_TrialLicense	https://faceware.zendesk.com/hc/en-us/categories/200328315-NEW-TRIAL-USERS-CLICK-HERE-FIRST
URL_UpgradeRetargeter	http://facewaretech.com/products/software/upgrade/
	
MSG_RetargetingFailed	Retargeting failed.
MSG_ParamDataLoadFailed	Failed to load paramterization data file '\?NAME\?'.
MSG_BadParamDataFile	Bad paramterization data file '\?NAME\?'.
MSG_AutoSolveMissingExpressionSetError	Character setup file does not have any expressions, cannot run autosolve.