	
This file specifies the strings that are displayed in Analyzer. It has 3 sections.  The first section is the comment section.  It can have a many lines as desired but MUST absolutely end with "comment end",	
even if there are no comments. The second section contains a look up table for compatible culture strings and has two columns. The first is the culture string the code corresponds to in section three. The	
second column contains a list of comma separated culture strings that the first column supports. For example, the first row would indicate that Australian, Canada, New Zealand, and United Kingdom	
would all use American English. This section must end with "culture end". The third section is the string table. It MUST begin with a header row for the rest of the table. The first column in the header	
must begin with "token" then followed by a culture name for each culture indicated in section 2. The second column is the default culture in case Analyzer specifies a culture not defined in this file or a string	
in the desired culture (column) is not found. For example, if the Chinese equivalent to "Play range end" is not defined, Analyzer will display "Play range end".	
	
The strings in the third section can construct the final string with input from the code.  For example, "The input file 'FILE.EXT' is missing.", where FILE.EXT is a string supplied by the code.  To indicate	
the parts of the message string that use input from the code, those parts need to be bracketed by '\?' (no single quote, just a backslash followed by a question mark).  Hence, using the same example	
string, the string specified in this file should be "The input file '\?FILE.EXT\?' is missing.". Any text bracketed by '\?' is treated as a comment. Note: the order in the string replacements are the same	
across all languages.	
	
To export this table to Zod, export it as a text file with tabs separating each column.  Name it "LocalizationTable.tsv" and put it in the same folder as Analyzer.exe and AnalyzerBatch.exe.	
	
When we have actual localized strings, we need to verify that items in the GUI are still aligned correctly.	
	
Last Updated: 3/10/2016	
String Table Version: 4.1	
Analyzer Version: 3.0	
	
comment end	
	
en-us	en-au,en-ca,en-nz,en-gb
	
culture end	
	
token	en-us
LABEL_AboutFacewareTmAnalyzer	About Faceware™ Analyzer
LABEL_AccountActivation	Subscription Activation
LABEL_ActorModel	Actor Options
LABEL_Advanced	Advanced
LABEL_All	All
LABEL_AnalysisDefinitionFileColon	Analysis Definition File:
LABEL_AudioModeColon	Audio Mode:
LABEL_Automatic	Automatic
LABEL_AutoResize	Auto-Resize
LABEL_AutoTrack	AutoTrack
LABEL_BlueAbbrevColon	B:
LABEL_BrowseDotDotDot	Browse...
LABEL_BrowseforNeutralFrame	Browse for Neutral Frame
LABEL_BurnInFrameNumbers	Burn-in Frame Numbers
LABEL_Cancel	Cancel
LABEL_CancelCreateNewJob	Canceling 'Create New Job'. Please wait...
LABEL_CaptureAudio	Capture Audio with Take
LABEL_CaptureFolderColon	Capture Directory:
LABEL_CaptureRadioButton	Capture New Image Sequence
LABEL_CaptureTitle	Faceware Analyzer - Capture
LABEL_CheckingAccountCredentials	Checking Faceware Subscription...
LABEL_ClickHerePeriod	Click here.
LABEL_ConfirmFrameRate	Confirm FPS
LABEL_Copy	Copy
LABEL_Copyright	©2012-2015 Faceware Technologies, Inc. All rights reserved.
LABEL_Create	Create
LABEL_CreatingNewJobFailedExclamationMark	Creating New Job Failed!
LABEL_CurrentAudioColon	Current Audio:
LABEL_CurrentNeutralFrameColon	Current Neutral Frame:
LABEL_DeleteTake	Delete Take
LABEL_DisplayColon	Display:
LABEL_DoNotPromptAgain	Do not show me this message again.
LABEL_DurationColon	Duration:
LABEL_EndColon	End:
LABEL_EndFrame	End Frame
LABEL_EndTime	End Time
LABEL_EndTimecode	End Timecode
LABEL_ExportTakeError	Export Take Error
LABEL_FaceGroupColon	Face Groups:
LABEL_FaceOverAudio	Use an Existing Audio File (Face-over)
LABEL_FacewareAnalyzer	Faceware Analyzer
LABEL_FacewareTmAnalyzerVersion	Analyzer Version
LABEL_ForgotPasswordQuestionMark	Forgot password?
LABEL_FPS	FPS
LABEL_FpsColon	FPS:
LABEL_FrameRange	Frame Range
LABEL_Frames	Frames
LABEL_General	General
LABEL_GreenAbbrevColon	G:
LABEL_Help	Help
LABEL_ImageExtractionOptions	Image Extraction Options
LABEL_ImageOptions	Image Sequences
LABEL_ImageSeqFpsColon	Image Seq. FPS:
LABEL_ImportImageSequenceError	Import Image Sequence Error
LABEL_ImportVideoError	Import Video Error
LABEL_IncludeBurnedDashInTrackingResults	Include Burned-in Tracking Results
LABEL_IndicatorColorColon	Indicator Color:
LABEL_IndicatorLocationColon	Indicator Location:
LABEL_IndicatorMeaningColon	Indicator Meaning:
LABEL_JobLocationDirColon	Job Location Dir:
LABEL_JobNameColon	Job Name:
LABEL_LandmarkColors	Landmark Colors
LABEL_LicenseChooserPrompt	Would you like to try 'Studio' or 'Studio Plus'? (You can change this each time you start the app.)
LABEL_Lines	Lines
LABEL_Locked	Locked
LABEL_ManageSubscription	Manage Subscription
LABEL_Manual	Manual
LABEL_ManualResize	Manual Resize
LABEL_Name	Name
LABEL_NeedAssistanceQuestionMark	Need assistance?
LABEL_NeutralFrameColon	Neutral Frame:
LABEL_New	New
LABEL_NewJob	New Job
LABEL_NewJobError	Analyzer could not open this video. Generally this is caused by an unsupported video codec or a full hard-drive.\n\nFor more information, please contact Faceware Support.
LABEL_NewJobWithTake	Create New Job with Take
LABEL_NewTakeNameColon	New Take Name:
LABEL_NfrCaps	Not for Resale
LABEL_No	No
LABEL_NoAudio	No Audio
LABEL_Normal	Normal
LABEL_Ok	OK
LABEL_Open	Open
LABEL_Options	Options
LABEL_OriginalColon	Original:
LABEL_Parameterization	Parameterization
LABEL_ParameterizationOptions	Parameterization Options
LABEL_Parameterize	Parameterize
LABEL_ParameterizingPeriod	Parameterizing.
LABEL_PasswordColon	Password:
LABEL_Paste	Paste
LABEL_PleCaps	Personal Learning Edition - Non-Commercial License
LABEL_PoweredBy	powered by
LABEL_Preview	Preview
LABEL_QualityColon	Quality:
LABEL_Ready	Ready
LABEL_RecordTakeError	Record Take Error
LABEL_RedAbbrevColon	R:
LABEL_Redo	Redo
LABEL_RenameTake	Rename Take
LABEL_ResolutionColon	Resolution:
LABEL_RetargeterImages	Retargeter Image Sequence
LABEL_Retry	Retry
LABEL_ReviewTakeRadioButton	Review/Trim Captures
LABEL_RotateImageColon	Rotate Image:
LABEL_RotateImageColon	Job Orientation:
LABEL_Save	Save
LABEL_SaveChanges	Save Changes
LABEL_Seconds	Seconds
LABEL_SelectTrackerColon	Select Tracker:
LABEL_ServerTimeout	Parameterization Timeout (sec)
LABEL_SetIn	Set In
LABEL_SetOut	Set Out
LABEL_SetToFull	Set To Full
LABEL_SkipInvalidFramesDuringPlayback	Skip Invalid Frames During Playback
LABEL_Specify	Specify
LABEL_StandardTime	Standard Time
LABEL_StartCapturing	Start Capturing
LABEL_StartColon	Start:
LABEL_StartFrame	Start Frame
LABEL_StartTime	Start Time
LABEL_StartTimecode	Start Timecode
LABEL_StatusStrip	StatusStrip
LABEL_StopCapturing	Stop Capturing
LABEL_Studio	Studio
LABEL_StudioPlus	Studio Plus
LABEL_SupportedParen	(Supported)
LABEL_Timecode	Timecode
LABEL_Toolbar	Toolbar
LABEL_TotalFrames	Total Frames
LABEL_TotalProcessingColon	Total Processing:
LABEL_Track	Track
LABEL_Trademark	Faceware™ is registered trademark of Faceware Technologies, Inc.
LABEL_Train	Train
LABEL_Training	Training
LABEL_TrimColon	Trim:
LABEL_TrimJobLength	3. Trim Job Length (Optional)
LABEL_TrimLength	Trim Length
LABEL_Undo	Undo
LABEL_UseBroadcastQualityAudioColon	Use Broadcast Quality Audio (Beta):
LABEL_UserNameColon	Username:
LABEL_ValidFrameRange	Valid Frame Range
LABEL_ValidFrames	Valid Frames
LABEL_ValidRangeColon	Valid Range:
LABEL_ValidRanges	Valid Ranges
LABEL_Warning	Warning
LABEL_WebServiceDetails	Web Service Details
LABEL_WebServiceUrlColon	Web Service URL:
LABEL_Yes	Yes
LABEL_Zod	Zod
MENU_About	About
MENU_AudioSource	Audio Source
MENU_AutoDashTrack	AutoTrack
MENU_CameraOptions	Camera Options
MENU_Capture	Capture...
MENU_CaptureNewJob	Create New Job with Take
MENU_Close	Close
MENU_CopyLandmarks	&Copy Landmarks
MENU_Degrees	\?DEGREE\? Degrees
MENU_DeleteTake	Delete Take
MENU_DragMode	Drag Mode
MENU_Edit	&Edit
MENU_Exit	&Exit
MENU_ExportDotDotDot	Export...
MENU_ExportLandmarkPositions	Export Landmark Positions...
MENU_ExportNeutralFrame	Export Neutral &Frame...
MENU_ExportTrackingModel	Export &Tracking Model...
MENU_FastForward	&Fast Forward
MENU_File	&File
MENU_Help	Help
MENU_ImportImageSequenceDotDotDot	Import Image Sequence...
MENU_ImportTrackingModel	I&mport Tracking Model...
MENU_ImportVideoDotDotDot	Import Video...
MENU_InactiveLandmarks	Show &Inactive Landmarks
MENU_Intelligent	&Intelligent
MENU_InterpolateFrame	&Interpolate Frame
MENU_InterpolateRange	Interpolate &Range
MENU_KnowledgeBase	Online Help
MENU_LockLandmarks	&Lock Landmarks
MENU_MarkLandmarkGroup	Mark Landmark &Group
MENU_MarkMarkupGroup	Mark &Face Group
MENU_MarkSelectedLandmarks	Mark Selected &Landmarks
MENU_Markup	&Markup
MENU_NewDotDotDot	New...
MENU_NextTrainingFrame	Ne&xt Training Frame
MENU_None	None
MENU_Normal	&Normal
MENU_OnlineHelp	Online Help
MENU_OpenDotDotDot	&Open...
MENU_Options	&Options...
MENU_PasteLandmarks	&Paste Landmarks
MENU_Play	&Play
MENU_PlaysBeepBeforeCaptureStarts	Plays Beeps Before Capture Starts
MENU_PlayStop	Play/Stop
MENU_PrevTrainingFrame	Pre&v Training Frame
MENU_RecentFiles	Recent Files
MENU_Redo	&Redo
MENU_RenameTake	Rename Take
MENU_ResetMarkupGroup	&Reset Face Group
MENU_Rewind	&Rewind
MENU_RotateVideo	Rotate Video
MENU_Save	&Save
MENU_SetIn	Set In
MENU_SetOut	Set Out
MENU_SetPlayRangeToJobRange	Set Play Range to Job Range
MENU_SetPlayRangeToSelectedRange	Set Play Range to Selected Range
MENU_SetToFullLength	Set To Full Length
MENU_StopCaptureWhenAudioEnds	Stop Capture When Audio Ends
MENU_Tooltips	&Show Tooltips
MENU_TopMenu	TopMenu
MENU_Track	&Track
MENU_TrackAll	&Track - All
MENU_TrackSection	Track - Section
MENU_TrackSelected	Track - Selected
MENU_TrainModelAll	Train Model - All
MENU_TrainModelAllLocal	Train &Model - All Local
MENU_TrainModelSelected	Train Model - Selected
MENU_Tutorials	Tutorials
MENU_Undo	&Undo
MENU_UpgradeToAnalyzerPro	Upgrade to Analyzer Studio Plus
MENU_VideoSource	Video Source
MENU_View	&View
MSG_AbortingParameterization	Aborting Parameterization.
MSG_AccountActivation	Subscription Activation
MSG_ActivationSuccessfulExclamationMark	Activation Successful!
MSG_ActorModelDesc	Neutral Frame for Parameterization
MSG_ActorModelExample	C:\MyFiles\NeutralFrame.fwlf
MSG_ActorModelOptionMissingNeutralFrameFile	You must supply a valid Neutral Frame file.
MSG_ADFNotFound	Analysis Definition File does not exist: '\?FILE NAME\?'.
MSG_AllFiles	All files
MSG_AnalysisDefinitionDesc	File path to alternative Analysis Definition file.
MSG_AnalysisDefinitionExample	C:\MyFiles\AnalysisDefinitionFile.xml
MSG_AnalyzerFeatureFile	Analyzer Feature File
MSG_And	and
MSG_ApplySmoothingDesc	Apply smoothing.
MSG_AudioSourceNotSelected	No Audio Source selected for capturing audio.
MSG_AutoTrackCanceledExclamationMark	AutoTrack Canceled!
MSG_AutoTrackCompletedPeriod	AutoTrack Complete!
MSG_AutoTrackDesc	Track the entire newly created job with AutoTrack.  The\nfirst argument specifies which tracker to use (s-static, h-headcam color,\nhbw-headcam black&white).  You can optionally specify a neutral frame with\nthe -neutralframe option.
MSG_AutoTrackFailedExclamationMark	AutoTrack has failed. General causes of this are an incompatible Neutral Frame or if you are using the wrong Tracker type.\n\nFor more information, please contact Faceware Support.
MSG_AutoTrackWarning	AutoTrack Warning
MSG_AutoTrackWarningOverwriteTrainingFrames	AutoTrack will overwrite your existing Tracking results on\nany unlocked Landmarks (including all Training Frames).\n\nDo you want to proceed?
MSG_AutoValidFramesDesc	Automatically determine valid video regions by looking\nfor a colored square in one of the corners of the video. The first argument\nis the corner to look in, the second is the color of the square, and the\nthird indicates whether the existence of the square means that the frame is\nvalid.
MSG_BadUsernamePassword	The Username/Password you entered was incorrect or your Subscription is not active. Please check to make sure you have copied your credentials correctly.
MSG_BatchCountValidFramesHelpColorParam	Color: This is the indicator color in the RGB format (e.g. #\?COLOR\? for Red).
MSG_BatchCountValidFramesHelpDesc	Description: Count the number of Valid frames in a video file.
MSG_BatchCountValidFramesHelpIndicatorParam	Indicator Meaning: This value can be either '\?VALID\?' or '\?INVALID\?'.
MSG_BatchCountValidFramesHelpLocationParam	Location: This is of the mark, and can be '\?TOP LEFT\?' (default), '\?TOP RIGHT\?',\n            '\?BOTTOM LEFT\?', or '\?BOTTOM RIGHT\?'.
MSG_BatchCountValidFramesHelpSourceParam	Source: This can be:\n(1) the name of a folder that contains the movie files.\n(2) the name of a text file (*.txt) that list the movie files.\nor (3) the name of a single movie file.
MSG_BatchCountValidFramesHelpSyntax	<Source> <Color> [Location] [Indicator]
MSG_BatchCountValidFramesHelpTitle	Command: CountValidFrame
MSG_BatchExportLandmarkPositionsHelpDesc	Description: Exports the 2D values of all facial landmarks from each frame to an XML file.
MSG_BatchExportLandmarkPositionsHelpFwtFileParam	FwtFile: This is the path to the Analyzer Job file (.fwt) that you want to Export Landmark Positions from.
MSG_BatchExportLandmarkPositionsHelpSyntax	<FwtFile> <XmlFile>
MSG_BatchExportLandmarkPositionsHelpTitle	Command: ExportLandmarkPositions
MSG_BatchExportLandmarkPositionsHelpXmlFileParam	XmlFile: This is the path to the new XML file that you want to save the data to.
MSG_BatchHelpRequiredArgumentsColon	Required Arguments:
MSG_BatchHelpRoot	First command must be one of:
MSG_BatchHelpRootExample	For help with a specific command, enter the command name after help.
MSG_BatchNeedProLicense	Using AnalyzerBatch requires a Studio Plus license.
MSG_BatchNewJobHelpDesc	Description: Creates a new Analyzer Job from a source video file.
MSG_BatchNewJobHelpFwtFileParam	FwtFile: This is the path to the FWT file that you want to create. This\nfile is the input to the Track, Export Landmark Positions, and Parameterize command.
MSG_BatchNewJobHelpMovieFileParam	VideoFile: This is the path to the video file that you want to import.
MSG_BatchNewJobHelpSyntax	<VideoFile> <FwtFile>
MSG_BatchNewJobHelpTitle	Command: NewJob
MSG_BatchParameterizeHelpActorModelParam	-actormodel: The file name following this argument specifies a Neutral Frame to parameterize with, improving AutoSolve in Retargeter.
MSG_BatchParameterizeHelpDesc	Description: Parameterizes an Analyzer Job and creates an .FWR file for Retargeter.
MSG_BatchParameterizeHelpFwtFileParam	FwtFile: This is the path to the FWT file, your Analyzer Job file.
MSG_BatchParameterizeHelpPasswordParam	Password: This is the password from your Faceware subscription.
MSG_BatchParameterizeHelpSyntax	<FwtFile> <Username> <Password>
MSG_BatchParameterizeHelpTitle	Command: Parameterize
MSG_BatchParameterizeHelpUserNameParam	Username: This is the username from your Faceware subscription.
MSG_BatchShowHelpHelpDesc	Description: Shows help, optionally for one of the commands.
MSG_BatchShowHelpHelpSyntax	[Command]
MSG_BatchShowHelpHelpTitle	Command: Help
MSG_BatchTrackHelpDesc	Description: Tracks an Analyzer Job using either AutoTrack or custom Tracking Models.
MSG_BatchTrackHelpSyntax	<FwtFile>
MSG_BatchTrackHelpTitle	Command: Track
MSG_BroadcastWaveFormatDesc	If your source audio is 24-bit the -bwf parameter will export the audio track into a 24-bit wav file, maintaining any present header information (i.e. time-code, etc.).
MSG_BurnInTrackingResult	Burn-in Tracking Results
MSG_CannotOpenFile	Failed to open '\?FILENAME\?', because it cannot be opened.
MSG_CannotOverwriteFile	Cannot overwrite file '\?FILENAME\?'.
MSG_CannotReplaceOutputFile	Output file '\?FILE NAME\?' already exists. Replacing is not allowed.
MSG_CannotTrainEmptyScene	Cannot Train an empty Job!
MSG_CaptureAudioFileNotFound	The audio file from this Capture is missing or invalid.
MSG_CheckFacewareSubscription	Checking for valid Faceware Subscription.
MSG_CheckPermissionOnDenyAccessToFile	Access to the file '\?FILE NAME\?' is denied. Please check the permissions.
MSG_CommandLineFormat2	Must specify at least \?NUMBER\? arguments for \?NAME\? command.
MSG_CopyLandmarks	Copy Landmarks
MSG_CountValidFrameFailedFile	Failed to count valid frames for '\?FILE NAME\?'.
MSG_CreatingNewJobDotDotDot	Creating New Job...
MSG_CreatingNewJobWithOptionColon	Creating New Job with options:
MSG_CurrentTimeGreaterThanEnd	Current time is greater than end time.
MSG_CurrentTimeLessThanStart	Current time is less than start time.
MSG_DeleteTakeComfirmation	Are you sure you want to delete this Take?
MSG_DeleteTakeFailed	Could not delete Take folder.
MSG_DetectedSecurityFault	A security fault was detected.
MSG_DoesNotExistExclamationMark	\?ANYTHING\?' does not exist!
MSG_DownloadParameterizationFileFailed	Checksums did not match.
MSG_DownloadResults	Downloading results (\?PERCENTAGE\?)%.
MSG_EndTimeGreaterThanDuration	End time must be less than the Job length.
MSG_EndTimeLessThanStartTime	End time must be greater than the Start time.
MSG_EnterNewTakeName	Please enter the new Take name.
MSG_Error	Error
MSG_ErrorColon	Error:
MSG_ErrorDownloadingColon	Error downloading:
MSG_ExecutableNotFound	The specified executable could not be found: '\?EXECUTABLE\?'.
MSG_ExportedLandmarkPositionsSuccess	Successfully exported Landmark positions to '\?FILE NAME\?'.
MSG_ExportLandmarkDataFailedColon	Failed to export landmark data:
MSG_ExportNeutralFrame	Export Neutral Frame
MSG_ExportNeutralFrameSuccess	Neutral Frame successfully exported to '\?FILE NAME\?'.
MSG_ExportTrackingModel	Export Tracking Model
MSG_ExportTrackingModelSuccess	Model successfully exported to '\?MODEL FOLDER\?'.
MSG_ExtractedZeroLengthAudioFile	Warning: No audio was extracted. A 24-bit or higher audio track is required in your source video in order to use the Broadcast Quality Audio feature.
MSG_FacewareTrackingFiles	Faceware Tracking Files
MSG_FailedAt	Parameterization failed at '\?PARAMETERIZATION STAGE\?'.
MSG_FailedToImportColon	Failed to import:
MSG_FfmpegNotFound	Can't find ffmpeg.exe inside the specified directory: '\?FOLDER\?'.
MSG_FfprobeNotFound	Can't find ffprobe.exe inside the specified directory: '\?FOLDER\?'.
MSG_FilenameHasInvalidCharacters	Failed to open '\?FILENAME\?', because it contains invalid characters.
MSG_FileNotFound	\?FILE NAME\?' does not exists.
MSG_FilePathTooLong	Failed to open '\?FILENAME\?', because the path is too long for Windows.
MSG_FilePermissionFailed	Failed to open '\?FILENAME\?', because AnalyzerBatch does not have permission to read this file.
MSG_FinalizingFacialData	Finalizing facial data.
MSG_Finished	Parameterization finished. Retargeting file created successfully.
MSG_FinishedExportingLandmarkPositionsPeriod	Finished Exporting Landmark Positions.
MSG_FolderReplacementNotAllowedPrompt	\?FOLDER NAME\?' already exists! Replacing is not allowed.
MSG_ForExampleAbbrev	e.g.
MSG_FrameBurnInDesc	Burn frame numbers into video.
MSG_FrameNotATrainingFrame	Frame number is not a training frame.
MSG_FrameRangeExceededVideo	Invalid frame range! Your frame range has exceeded the amount of frames in your video (0-\?FRAME NUMBER\?).
MSG_Frames	Frames
MSG_GivenAdfNotFound	The provided Analysis Definition file doesn't exist!
MSG_ImageFolderNotFound	Image directory '\?FOLDER NAME\?' does not exist.
MSG_ImidNotFoundInSceneFile	Unable to find IMID entry in FWT file.
MSG_ImporterNotFoundForExtension	No suitable importer is registered with this application for the following extension: '\?FILE EXTENSION\?'.
MSG_ImportLandmarkDataFailedColon	Failed to import landmark data:
MSG_ImportMarkupGroupSuccess	Successfully imported the '\?MARKUP GROUP NAME\?' model.
MSG_ImportTrackingModel	Import Tracking Model
MSG_IncludeTrackingResults	Include this optional flag if you'd like to create a secondary image sequence with burned-in tracking results.
MSG_InputFileNotFound	Input file '\?FILE NAME\?' not found.
MSG_InputMediaFileNotFound	The specified input media file doesn't exist.
MSG_Intelligent	Intelligent
MSG_IntelligentDrag	Intelligent Drag
MSG_InvalidADF	\?FILE NAME\?' is not a valid Analysis Definition file.
MSG_InvalidAutoTrackOption	AutoTrack option is invalid.
MSG_InvalidAutoValidFrameArg	\?VALUE\?' is an invalid option for -autoValidFrames.
MSG_InvalidCaptureTakeFolder	The following Take folder is invalid: ('\?TAKE NAME\?')
MSG_InvalidCharEntry	You've entered an invalid character: '\?CHARACTER\?'.
MSG_InvalidColorValue	Invalid color value. Please specify in the form of #RGB where R, G, and B are two hex values (e.g. #\?HEX VALUE\? for Green).
MSG_InvalidCountValidFrameSourceFile	The source argument is neither a valid directory name nor a valid file name.
MSG_InvalidExecutable	Invalid executable: '\?EXECUTABLE\?'.
MSG_InvalidFilename	\?FILE NAME\?' is not a valid file name.
MSG_InvalidFpsValue	FPS must be a positive value.
MSG_InvalidFrameRange	One or more of the frame ranges you have specified are invalid. Please make sure any frame range you specify is within the total length of your current Job.
MSG_InvalidFrameRangeForManualProcessing	Must specify frame ranges for manual valid range processing.
MSG_InvalidFrameRangeFormat	Invalid frame range! A frame range must be composed of a single value or a begin-end pair.
MSG_InvalidFwtFile	You must supply a valid FWT file.
MSG_InvalidImageQualityPercentage	Invalid quality settings! Quality must be an integer in range (0-100).
MSG_InvalidImageReductionPercentage	Invalid size percentage settings! Size percentage must be an integer in range (0-100).
MSG_InvalidJobLocationFolder	Invalid Job Location Directory!
MSG_InvalidJobNameExclamationMark	Invalid Job Name!
MSG_InvalidJobNameFileExtension	Your Job file must have the '.FWT' extension.
MSG_InvalidLocation	Invalid location.
MSG_InvalidMarkupGroupName	Invalid Face Group name.
MSG_InvalidMediaFileExclamationMark	Invalid media file!
MSG_InvalidNeutralFrameFile	\?FILE NAME\?' is not a valid Neutral Frame file.
MSG_InvalidNewJobInput	Cannot create a new Job from the selected input file '\?FILE NAME\?'.
MSG_InvalidOuputFolder	Invalid output directory!
MSG_InvalidOutputMediaPathExclamationMark	Invalid output media path!
MSG_InvalidParameterizationRegion	Invalid region. Currently only '1' or '2' is accepted.
MSG_InvalidParameterizationServer	Parmerterizing with out dated URL.
MSG_InvalidPathFormat	Failed to open '\?FILENAME\?', because the path is in an invalid format.
MSG_InvalidRange	Invalid range: '\?RANGE STRING\?'. Please specify in the form of 1-100,300-400,600-700.
MSG_InvalidTakeName	Invalid Take name. Please enter a valid Take name.
MSG_InvalidTimeFormat	The time format you've entered is invalid.
MSG_InvalidTrimType	Invalid trim type. Must be 'f', 't', or 'tc'. (Frames, Time, or Timecode.)
MSG_InvalidVideoFileExclamationMark	Invalid Video File!
MSG_InvalidWavFile	Invalid audio .wav file.
MSG_JobCreationFailedColon	Job creation failed:
MSG_JobFileEqual	Job File = '\?FILE NAME\?'
MSG_JobFileNotFound	Job file '\?FILE NAME\?' doesn't exist.
MSG_LabeledFrames	Labeled Frames
MSG_LandmarkFileAlreadyExists	\?FILE NAME\?' already exists. Cannot Export Landmark Positions.
MSG_ListItemSeparator	,
MSG_LoadLocalModelsFailedColon	Failed to load local models:
MSG_LockSelectedLandmarks	Lock Selected Landmarks
MSG_LostServerConnection	Lost connection to the Faceware Parameterization server.
MSG_MalabInitFailed	Matlab initialization failed.  Please see \?FILE NAME\? for more information.
MSG_ManualFrameSelectionCriteria	Please enter at least one frame range if using 'Manual' frame selection.
MSG_ManualSizeDesc	Manually specify size and quality of JPEG images used in\nRetargeter. The first argument is the size as a percentage of the source\nvideo size. The second argument is the quality as a percentage value from 1-100.
MSG_ManualSizeHelp	[percent size 1-100] [percent quality 1-100]
MSG_ManualValidFramesDesc	Manually specify Valid video regions. Expects a comma\nseparated list of frame ranges (e.g. 0-100,200-300).
MSG_MarkLandmarkForExporting	Please Mark all Landmarks on the face before exporting. (Select all Landmarks and press: CTRL + T)
MSG_MarkLandmarkGroup	Mark Landmark Group
MSG_MarkMarkupGroup	Mark Face Group
MSG_MarkSelectedLandmarks	Mark Selected Landmarks
MSG_MatlabDataFiles	Matlab Data Files
MSG_MediaFileNotFound	Media file '\?FILE NAME\?' doesn't exist!
MSG_MergeFailedColon	Merge failed:
MSG_MinimumTrainingFrameForTrackingFailed	Can't track with less than \?TRAINING FRAME COUNT\? training frames.
MSG_MinimumTrainingFrameForTrainingFailed	Can't train model with less than \?TRAINING FRAME COUNT\? training frames.
MSG_MinimumTrainingFrameToTrackPrompt	A Frame Range must have at least \?TRAINING FRAME COUNT\? Training Frame to Track.
MSG_MinimumTrainingFrameToTrackPromptLong	When using Valid Frames, each Frame Range must have at least \?TRAINING FRAME COUNT\? Training Frame to Track.\n\nRange \?FRAME RANGE\? does not contain any Training Frames.
MSG_MinimumTrainingFrameToTrainPrompt	You need at least \?NUMBER\? Training Frames to be able to Train a model.
MSG_MismatchedFrameRate	Mismatched frame rate in imid and tracking data.
MSG_MismatchedLandmarkCount	Tracking data and Analysis Definition landmark counts don't match.
MSG_MismatchedLandmarkGroupCount	Tracking data and Analysis Definition landmark group counts don't match.
MSG_MismatchedMarkupGroups	Tracking data and Analysis Definition face group counts don't match.
MSG_MismatchLandmarkGroups	Tracking data and Analysis Definition landmark groups don't match.
MSG_MissingBatchOptionsArguments	Not enough arguments supplied for option '\?BATCH COMMAND NAME\?'.
MSG_MissingFrameRateArg	Must set frame rate when creating a new job from an image sequence.
MSG_ModelFileNotFound	Specified model file '\?FILE NAME\?' is not found.
MSG_ModelFileNotFoundInPath	No model(s) found in '\?PATH\?'.
MSG_ModelsPeriod	models.
MSG_ModelTraining	Model Training
MSG_ModelTrainingCanceledExclamationMark	Model Training Canceled!
MSG_ModelTrainingCompletedPeriod	Model Training Complete!
MSG_MovieFileEqual	Movie File = '\?FILE NAME\?'
MSG_MruFileLoadFailed	Failed to load '\?FWT FILE\?'!\n\nDo you want to remove it from the Recent Files list?
MSG_MruFileNotFound	File '\?FWT FILE\?' is inaccessible or doesn't exist.\n\nDo you want to remove it from the Recent Files list?
MSG_MSG_InvalidAngleBracket	<Invalid>
MSG_NanInTimeString	An invalid character was entered. Please enter numbers only.
MSG_NeutralFrameDesc	Use with the -autotrack option.
MSG_NeutralFrameError	Neutral Frame Error
MSG_NeutralFrameExample	C:\MyFiles\NeutralFrame.fwlf
MSG_NeutralFrameFileNotFound	Neutral file '\?FILE NAME\?' not found.
MSG_NewJobCompletedPeriod	New Job completed.
MSG_NewJobFrameRateDesc	You must specify the desired Frame Rate when creating a new Job from an image sequence.
MSG_NewJobTrimDesc	Trims your Job to a defined length.
MSG_NoCaptureFaceOverAudioFile	Please select an audio file to use in Face-over mode before Capturing.
MSG_NoCaptureTakeName	Please enter a Take Name before Capturing.
MSG_NonExistingDropFrameTimecode	The time was set to a non-existent dropped frame.
MSG_Normal	Normal
MSG_NoSceneToSave	No Job to save.
MSG_NoServiceListeningAtUrl	No service listening at URL provided.  Make sure you have the correct Web Service URL.
MSG_NotAnInteger	\?STRING\?' is not an integer.
MSG_OpenNeutralFrameFile	Open Neutral Frame File
MSG_OptionalArgumentsColon	Optional Arguments:
MSG_OverwriteExistingTakePrompt	Exporting a take in the specified location will replace an existing Take of the same name. Do you wish to continue?
MSG_OverwriteTrackingModelFile	\?MODEL FOLDER\? already contains Tracking Models. Exporting to this location will overwrite the existing Tracking Models.\n\nDo you want to proceed?
MSG_ParamBadJobToken	Failed to find parameterization progress. Either the Job token or username is invalid.
MSG_ParamCreateFolderFailed	Unable to create job folders.
MSG_ParameterizationCompletedPeriod	Parameterization completed.
MSG_ParameterizationFailedColon	Parameterization failed:
MSG_ParameterizationProgressColon	Parameterization Progress:
MSG_ParameterizationRegionDesc	The parameter is '-region', and takes an integer. 1 = Virginia, 2 = Tokyo.
MSG_ParameterizationSuccess	Parameterization Complete!
MSG_ParameterizingFailedExclamationMark	Parameterization Failed!
MSG_ParamInvalidUsername	Invalid Username.
MSG_ParamJobInfoNotFound	Failed to find parameterization progress. May be an internal server issue.
MSG_ParamServerDownloadFailed	Parameterization server failed to download parameterization data.
MSG_ParamServerFailedCreateTaskEntity	Parameterization server failed to create the task entity.
MSG_ParamServerFailedGetTaskEntity	Parameterization server failed to retrieve the task entity.
MSG_ParamServerGeneralError	Web Parameterization failed.
MSG_ParamServerGeneralFailure	General parameterization server failure.
MSG_ParamServerParseMsgFailed	Parameterization server detected an invalid request.
MSG_ParamServerStartFailed	Parameterization server failed start up.
MSG_ParamServerTaskEntityNotFound	Parameterization server cannot find task entity.
MSG_ParamUploadBadImidFile	Invalid upload Imid file.
MSG_ParamUploadChecksumFailed	Uploading parameterization data failed checksum.
MSG_ParamUploadFailed	Uploading parameterization data failed.
MSG_ParamUploadIncomplete	Uploadnig parameterization data incomplete.
MSG_ParamUploadMissingAnalDefFile	Uploaded parameterization data is missing the Analysis Definition file.
MSG_ParamUploadMissingImid	Uploaded parameterization data is missing the .imid file.
MSG_ParamUploadMissingLandmarkFile	Uploaded parameterization data is missing the Landmark file.
MSG_ParamUploadNotFound	Unable to find uploaded parameterization data.
MSG_PasteLandmarks	Paste Landmarks
MSG_PathNotFound	Failed to open '\?FILENAME\?', because the folder was not found.
MSG_PleaseWaitDotDotDot	Please wait...
MSG_ProcessingDotDotDot	Processing...
MSG_RangesDesc	Parameterization range where the range is either '\?valid\?'\nor a command delimited list of ranges (e.g. 100-200,300-400).
MSG_RangeSeparator	-
MSG_RealTime	Real Time
MSG_RecordingDroppedFramePrompt	Your recording dropped \?FRAMES\?.\nDo you want to keep your recording?
MSG_RecordingDroppedFramePrompt	Analyzer detected \?FRAMES\? dropped frames during the capture process. Please make sure that you are using supported hardware and that you have other applications closed to alleviate potential performance issues while capturing.\n\nDo you still wish to save this take?
MSG_RecordingFailed	Recording failed.
MSG_RecordingUpdate	Recording: \?TIMER\?
MSG_RequireFormatHHmmSSff	The expected input format is hh:mm:ss:ff
MSG_RotateImageDesc	Rotate video images. Valid values are 0, 90, 180, and 270.
MSG_SaveLandmarkPositions	Save Landmark Positions
MSG_SaveLocalModelsFailedColon	Failed to save local models:
MSG_SaveNeutralFrameFile	Save Neutral Frame File
MSG_SaveScenePrompt	Do you want to save changes to your Job?
MSG_SceneFileLoadingError	Error loading Job file.
MSG_SceneFileNotFound	Job file '\?FILE NAME\?' not found.
MSG_SceneRangeWithOffsetsNotSupported	Your video contains meta data that is not supported. Please ensure there are no offset frame ranges or incomplete video edits before creating a Job.\n\nFor more information, please contact Faceware Support.
MSG_SelectExportFile	Select Export File
MSG_SelectImageSeqFrameRate	Please confirm FPS for Image Sequence:
MSG_SelectSceneFile	Select Job File
MSG_SelectTakeFolder	Select Take folder.
MSG_SelectTrackingModelImportDirectory	Select the directory that contains your Tracking Model(s).
MSG_SelectTrackingModelSaveFolder	Select the directory where your Tracking Model(s) will be saved.
MSG_ServerParamExeError	Server parameterization core failed.
MSG_ServerTimeOut	Timeout: The process on the Faceware Server is taking longer than expected.
MSG_SkipImportFaceModel	Importing the 'Face' Tracking Model is not supported.
MSG_SpecifiedFrameRangeInvalidPrompt	One or more of the frame ranges you have specified are invalid. Please make sure any frame range you specify is within the total length of your current Job.
MSG_SpecifyValidRotationValue	Please specify a valid rotation value.
MSG_SpecifyValidSizeValue	Please specify a valid size value.
MSG_Starting AutoTrack	Starting AutoTrack
MSG_StartingParameterizing	Starting Parameterizing.
MSG_StartTimeGreaterThanEndTime	Start time must be less than the End time.
MSG_StartTimeLessThanZero	Start time must be greater than zero.
MSG_SuccessfullyImportedThe	Successfully imported the
MSG_SupportedAudioFiles	Supported Audio Files
MSG_SupportedCaptureFiles	Supported Capture Take Files
MSG_SupportedImageFiles	Supported Image Files
MSG_SupportedVideoFiles	Supported Video Files
MSG_SyntaxColon	Syntax:
MSG_TakeNameAlreadyExist	Take name '\?NAME\?' already exists. Please choose a new name.
MSG_TimecodeStrIsDropFrame	Expecting dropped frame time-code.
MSG_TimecodeStrNotDropFrame	Expecting non-dropped frame time-code.
MSG_TimeSyncError	A security fault was detected. Please check your system clock.  The current server time is \?TIME\?.
MSG_TimeValueOutOfBound	The time value entered was out of bounds. Please enter a number in a valid time range.
MSG_Tracking	Tracking
MSG_TrackingCanceledExclamationMark	Tracking Canceled!
MSG_TrackingCompletedPeriod	Tracking Complete!
MSG_TrackingCompletePeriod	Tracking Complete.
MSG_TrackingDotDotDot	Tracking...
MSG_TrackingFailedColon	Tracking failed:
MSG_TrackingFailedExclamationMark	Tracking Failed!
MSG_TrackingFileIsReadOnly	Tracking data file is read-only.
MSG_TrainingFailedColon	Training failed:
MSG_TrialVersionCaps	TRIAL VERSION
MSG_TrimByTimecodeError	Input media does not have timecode information to trim by timecode.
MSG_UnknownStage	Unknown Stage. Contact Support.
MSG_UnsupportedArgument	Unsupported argument '\?ARGUMENT\?'.
MSG_UnsupportedCodec	Analyzer could not open this video. Generally this is caused by an unsupported video codec or a full hard-drive.\n\nFor more information, please contact Faceware Support.
MSG_UnsupportedFrameRate	The frame rate you've selected is unsupported.
MSG_UnsupportedImageSequenceType	Abort image sequence import.  Selected file type is not supported.
MSG_UnsupportedMediaType	Abort import video.  Selected file type is not supported.
MSG_UnsupportedMovieFile	\?FILE NAME\?' is not a supported video file.
MSG_UnsupportedTimeCodeConfig	Timecode does not support the given frame rate with drop frame.
MSG_UnsupportedTrackingDataFile	Tracking data file is too new and is unsupported. Please update to a newer version of the software.
MSG_Uploading	Uploading (\?PERCENTAGE\?)%.
MSG_UrlDesc	Alternate Web Service URL.
MSG_ValidFrameRangeExample	Frame Range must be in format 1-100, 200-300, 354-838.
MSG_ValueGreaterThan	Value '\?VALUE\?' needs to be less than or equal to '\?LIMIT\?'.
MSG_ValueLessThan	Value '\?VALUE\?' needs to be greater than or equal to '\?LIMIT\?'.
MSG_VerifyCredentialFailed	Unable to activate. Please check your internet connection and subscription credentials. Contact support@facewaretech.com for assistance.
MSG_VideoBitRateAndVideoQualityConflict	Can't specify both video bit-rate and video quality.
MSG_VideoFileNotFound	The specified video file doesn't exist!
MSG_VideoSourceNotSelected	No Video Source selected for capturing images.
MSG_WaitOnRecordingProcessing	Please wait. Processing Take... This may take up to several minutes.
TOOLTIP_AllRangesRadioButton	Marks the entire video sequence as Valid.
TOOLTIP_AutomaticRangesRadioButton	Automatically detect valid frames by looking for a colored square in the specified corner of each frame.
TOOLTIP_AutoResizeRadioButton	Resizes Retargeter image sequence to a width of 640 pixels, preserving aspect ratio. Sets jpeg compression quality to 70%.
TOOLTIP_BurnInFrameNumbersCheckBox	Adds a small black bar with a burned-in frame counter on the top of the image sequence.
TOOLTIP_comboBoxTracker	Select the tracker that works best for your video type. i.e. Videos from a headcam should use the 'Headcam Color' or 'Headcam Grayscale' tracker.
TOOLTIP_CurrentMarkupGroupHaveNoModel	The current Face Group doesn't have a Model trained/imported.
TOOLTIP_FrameTextBox	Current Frame
TOOLTIP_IndicatorColorButton	Opens a color selector for picking the indicator color from your video.\n\nImage compression can change the color of your indicator slightly so\nthere is a +-20 tolerance in the R,G, and B channels.
TOOLTIP_IndicatorLocationComboBox	The corner of the video to look for the Valid Frames indicator.
TOOLTIP_IndicatorMeaningComboBox	Determines whether the indicator means a frame is Valid or Invalid.
TOOLTIP_JobLocationDirTextBox	Output directory for the resulting Job files.
TOOLTIP_JobNameTextBox	Specify the name for this Job.\n\nThis will be used to uniquely identify the Job throughout the Faceware pipeline.
TOOLTIP_MaxFrameTextBox	Play Range End
TOOLTIP_MinFrameTextBox	Play Range Start
TOOLTIP_ModelForCurrentMarkupGroup	The Model trained/imported for the current Face Group.
TOOLTIP_QualityTrackBar	Set image compression quality for your Retargeter image sequence.
TOOLTIP_ResolutionTrackBar	Set resolution of Retargeter image sequence to a percentage of source video dimensions.
TOOLTIP_RotateImageComboBox	Applies a rotation to the extracted image sequence.
TOOLTIP_textBoxNeutralFrame	Neutral Frames help provide a starting point for AutoTracking. They will improve tracking accuracy but are not strictly necessary.
TOOLTIP_TrackHasImportModel	Current Face Group has an imported Model but no Training Frames. To Track, you need at least one Training Frame.
TOOLTIP_TrackNoData	Current Face Group doesn't have a Model trained/imported for it. To Track, you need to Train a Model first.
TOOLTIP_TrackOk	Model trained/imported for current Face Group. You can Track this Face Group.
TOOLTIP_ValidRangeTextBox	Range of Valid Frames, e.g. 1-20,400-400,800-1000
MSG_SkipDataCollection	Defaults to -dc 1 (on) use -dc 0 to disable data collection.
URL_Faceware	http://www.facewaretech.com
URL_LogInHelp	http://support.facewaretech.com/entries/25113447
URL_Support	http://support.facewaretech.com
URL_SupportZodTutorials	http://facewaretech.com/learn/tutorials
	
MSG_LocalParameterizationFailed	Local parameterization failed.
MSG_WebParameterizationFailed	Web paramterization failed.